Customer_ID,Monthly_Bill,Tenure_Months,Support_Calls,Churn
1,138.61,37,4,1
2,69.06,31,5,0
3,176.88,10,8,0
4,107.3,18,8,0
5,75.0,43,2,0
6,113.18,39,7,0
7,88.75,46,3,0
8,121.57,20,6,0
9,40.62,18,5,0
10,199.46,11,7,0
11,96.6,22,5,0
12,82.68,59,3,0
13,147.84,44,1,0
14,85.5,18,6,1
15,169.99,58,3,0
16,101.77,34,8,0
17,149.52,23,8,1
18,39.34,1,6,0
19,172.3,55,4,0
20,152.43,10,2,0
21,58.11,53,2,1
22,46.15,1,8,0
23,76.93,38,8,1
24,195.69,39,3,1
25,66.23,49,0,0
26,102.1,9,9,0
27,25.4,31,4,0
28,91.5,7,7,0
29,122.84,17,9,0
30,191.56,35,3,1
31,113.01,48,9,0
32,167.44,37,9,0
33,118.48,52,3,1
34,27.34,18,8,0
35,76.7,33,8,0
36,123.6,4,6,0
37,191.11,23,9,0
38,174.64,11,7,0
39,61.1,52,3,1
40,59.62,9,7,0
41,56.21,30,5,0
42,186.05,8,2,0
43,173.48,40,6,0
44,159.48,5,2,0
45,90.69,12,6,0
46,110.79,1,4,1
47,103.58,15,3,0
48,65.61,25,2,1
49,110.91,18,7,0
50,25.49,38,3,1
51,43.73,42,7,0
52,179.59,46,9,0
53,155.3,53,2,0
54,96.12,26,9,1
55,113.09,40,8,1
56,86.6,59,5,0
57,153.34,3,4,0
58,161.15,54,4,0
59,157.39,22,2,1
60,150.07,26,1,1
61,56.81,19,5,1
62,80.83,44,0,1
63,104.57,44,6,1
64,79.54,47,4,0
65,155.89,39,3,1
66,79.28,59,8,0
67,44.88,36,9,1
68,91.83,21,0,0
69,196.38,41,3,0
70,60.66,54,2,0
71,130.19,48,5,0
72,97.94,26,4,0
73,32.78,13,6,0
74,107.82,36,0,0
75,146.39,24,4,0
76,112.38,41,1,0
77,176.98,26,1,0
78,72.01,21,1,1
79,35.52,18,8,1
80,188.58,15,9,0
81,88.08,15,2,1
82,123.75,6,3,0
83,162.56,43,4,0
84,78.38,31,3,0
85,148.91,28,3,0
86,44.38,8,4,0
87,72.43,29,9,1
88,46.05,21,8,0
89,166.02,17,8,0
90,60.08,56,5,1
91,149.13,57,2,0
92,189.79,49,5,0
93,115.0,24,9,0
94,117.21,58,3,0
95,102.99,50,2,0
96,78.66,36,5,0
97,105.62,31,5,0
98,128.51,47,1,0
99,197.48,34,8,0
100,188.8,2,7,0
101,175.19,42,5,0
102,180.04,3,0,1
103,104.21,30,1,0
104,138.34,8,3,0
105,181.11,52,6,0
106,90.73,7,8,0
107,193.12,12,9,0
108,94.84,58,4,0
109,128.19,19,9,1
110,147.76,26,1,0
111,191.11,28,0,0
112,64.03,15,9,0
113,154.3,14,0,1
114,113.75,48,4,0
115,68.34,59,6,0
116,159.79,14,8,0
117,119.4,3,8,0
118,138.98,50,7,0
119,78.12,29,0,1
120,106.63,54,4,0
121,131.12,6,5,0
122,92.88,49,5,1
123,55.71,23,3,0
124,193.1,28,0,0
125,112.06,14,2,0
126,152.11,14,9,0
127,93.99,20,3,0
128,83.92,13,3,0
129,93.29,27,3,1
130,93.66,35,4,1
131,117.95,45,8,0
132,117.82,56,3,0
133,109.49,2,8,0
134,44.26,41,8,0
135,109.29,45,0,0
136,50.44,40,4,1
137,42.7,48,8,0
138,187.88,24,3,1
139,128.89,29,4,0
140,138.71,3,3,0
141,92.32,45,1,0
142,183.62,4,9,0
143,134.83,50,1,1
144,158.45,2,1,1
145,86.34,20,0,0
146,192.8,54,2,0
147,167.68,53,9,0
148,173.71,15,0,0
149,50.99,49,3,0
150,68.77,32,0,0
151,71.41,42,3,0
152,68.76,1,2,0
153,173.97,38,8,1
154,25.74,35,0,0
155,33.7,51,7,0
156,69.3,7,8,0
157,55.98,45,6,0
158,61.73,13,0,0
159,163.63,49,3,0
160,121.36,1,9,1
161,21.04,14,0,1
162,97.28,29,3,1
163,93.42,58,2,0
164,40.51,3,1,0
165,141.71,46,0,0
166,146.38,24,5,0
167,149.76,1,6,0
168,151.12,48,5,0
169,20.01,10,8,0
170,191.71,13,8,0
171,166.56,36,1,1
172,182.72,9,1,0
173,22.82,14,8,1
174,188.09,36,0,0
175,165.76,10,4,0
176,170.7,40,0,0
177,36.79,23,6,0
178,152.98,35,8,0
179,192.79,55,5,0
180,142.14,7,1,0
181,122.7,42,5,0
182,190.21,35,8,0
183,99.73,2,2,0
184,127.87,15,8,0
185,105.74,9,7,1
186,187.91,47,6,0
187,33.7,17,7,0
188,110.2,39,9,1
189,143.65,52,5,1
190,162.54,18,2,0
191,124.94,15,6,0
192,183.61,18,3,0
193,189.56,24,9,0
194,31.58,23,4,0
195,92.43,12,7,0
196,24.22,23,6,1
197,79.29,21,6,0
198,116.64,26,7,1
199,183.94,8,9,1
200,172.38,30,2,0
201,42.95,34,2,0
202,36.75,2,1,0
203,126.07,5,0,1
204,115.78,31,9,0
205,67.95,33,5,0
206,181.9,54,5,0
207,186.93,4,9,1
208,92.47,6,7,1
209,180.25,23,5,0
210,89.11,45,5,0
211,152.63,19,0,0
212,105.67,43,6,0
213,42.06,45,6,1
214,187.03,8,9,0
215,101.74,39,8,1
216,152.21,13,6,0
217,86.09,1,7,0
218,23.4,6,3,0
219,38.1,7,8,0
220,109.32,48,0,0
221,144.19,27,7,0
222,80.25,15,2,0
223,145.19,52,0,0
224,145.75,34,1,0
225,146.71,58,5,0
226,108.65,57,4,0
227,184.68,23,2,0
228,108.06,48,8,0
229,101.05,49,7,0
230,55.89,24,2,0
231,75.38,15,1,1
232,27.62,35,7,1
233,134.04,4,4,0
234,64.74,44,8,0
235,74.75,37,0,0
236,158.75,17,9,0
237,78.9,31,2,0
238,63.6,38,4,0
239,50.43,10,1,0
240,159.47,54,2,0
241,43.35,50,3,1
242,101.68,27,3,0
243,111.25,42,8,1
244,143.73,6,0,0
245,133.99,56,8,0
246,165.93,6,8,0
247,28.06,52,5,0
248,73.36,15,0,0
249,70.42,4,5,0
250,46.28,57,7,0
251,72.05,48,4,0
252,75.76,54,4,0
253,113.94,56,0,0
254,139.47,40,0,1
255,88.6,7,7,0
256,149.5,51,4,1
257,80.51,58,7,0
258,72.25,49,9,1
259,117.41,53,1,0
260,24.27,45,3,0
261,34.36,47,9,0
262,95.23,26,8,1
263,189.72,58,2,0
264,149.87,31,5,0
265,35.86,2,6,1
266,172.34,28,2,0
267,151.81,42,0,0
268,129.97,13,1,0
269,167.65,18,9,0
270,92.74,30,6,0
271,59.87,55,6,0
272,112.16,11,0,1
273,118.79,13,9,0
274,116.9,51,6,0
275,121.71,24,9,0
276,190.77,57,5,1
277,182.4,29,5,0
278,177.63,56,6,1
279,164.26,54,6,0
280,189.82,5,0,0
281,37.73,35,9,0
282,67.72,19,4,0
283,109.11,55,7,0
284,172.38,13,7,0
285,110.93,5,2,0
286,154.65,44,2,1
287,45.01,14,6,1
288,65.43,38,3,1
289,151.72,22,5,1
290,49.65,9,8,0
291,83.24,49,9,0
292,67.68,40,1,1
293,82.98,26,1,0
294,147.5,45,5,0
295,86.21,5,2,0
296,119.95,29,0,0
297,37.99,54,1,0
298,164.9,22,6,0
299,86.58,49,3,0
300,136.74,3,1,1
301,150.57,28,7,1
302,57.74,38,3,1
303,179.24,14,3,0
304,130.92,47,1,1
305,97.17,14,0,1
306,52.82,43,0,0
307,189.61,11,2,1
308,155.91,9,5,0
309,57.44,38,6,1
310,80.79,47,8,0
311,165.74,44,4,0
312,145.22,6,8,0
313,157.84,1,7,0
314,99.42,25,0,0
315,148.97,16,2,1
316,89.57,52,7,1
317,58.03,15,8,1
318,133.88,34,3,0
319,195.68,17,5,1
320,75.91,3,3,0
321,102.97,3,8,1
322,141.32,37,1,0
323,117.47,17,5,0
324,171.82,55,2,1
325,157.11,49,9,1
326,30.49,52,3,0
327,199.72,38,1,1
328,155.43,1,7,0
329,175.5,7,9,0
330,137.22,26,7,0
331,174.13,47,0,0
332,40.23,39,9,0
333,82.59,19,5,0
334,177.76,52,0,0
335,56.3,54,5,0
336,34.08,30,6,0
337,161.86,43,1,0
338,170.39,55,8,0
339,49.28,14,7,0
340,173.78,13,8,0
341,143.62,20,9,0
342,113.61,26,3,0
343,169.45,27,3,0
344,95.46,25,7,1
345,54.92,9,0,0
346,71.27,41,7,0
347,110.93,48,6,0
348,115.64,12,6,0
349,165.0,10,8,1
350,162.44,6,9,0
351,124.65,50,6,0
352,160.54,34,1,0
353,54.52,59,0,0
354,29.01,52,0,0
355,177.25,41,6,1
356,33.6,19,4,1
357,64.4,6,3,0
358,145.16,2,4,1
359,93.7,15,9,0
360,177.74,17,9,1
361,73.64,16,5,1
362,22.14,28,9,0
363,74.12,21,5,0
364,124.05,8,0,0
365,87.67,10,1,0
366,116.28,10,2,0
367,177.79,50,3,1
368,184.25,10,5,1
369,67.88,9,8,1
370,103.19,28,1,1
371,118.85,24,7,1
372,190.84,19,8,0
373,199.75,33,1,0
374,62.37,4,8,0
375,150.86,56,6,0
376,88.05,3,8,0
377,21.46,42,5,0
378,21.67,12,1,1
379,102.9,18,7,1
380,107.9,23,9,0
381,24.06,20,8,1
382,143.65,6,7,0
383,72.92,53,1,1
384,120.78,34,7,0
385,74.17,42,2,0
386,50.08,2,2,1
387,93.29,30,8,0
388,61.81,9,8,0
389,116.26,27,8,0
390,55.79,42,3,0
391,111.51,34,6,1
392,48.33,40,7,0
393,140.78,24,4,1
394,155.71,49,0,0
395,39.87,17,8,0
396,104.2,29,5,0
397,32.76,36,2,1
398,127.67,50,2,0
399,67.59,12,9,0
400,114.97,31,0,0
401,113.14,49,7,0
402,186.38,9,1,1
403,118.83,19,0,0
404,124.94,46,6,0
405,92.3,46,8,0
406,190.83,17,5,0
407,159.89,2,7,0
408,71.37,40,7,0
409,171.96,5,8,0
410,97.83,59,6,0
411,169.16,39,8,0
412,168.12,54,8,1
413,54.0,48,0,1
414,146.21,16,5,0
415,72.32,17,7,0
416,73.55,54,9,0
417,73.34,27,8,1
418,150.6,7,3,0
419,61.37,52,1,1
420,20.16,8,8,0
421,148.74,8,8,0
422,50.81,23,7,0
423,38.81,32,2,0
424,62.75,43,4,0
425,88.38,47,1,1
426,105.66,18,2,1
427,28.02,38,0,1
428,194.7,54,3,0
429,148.89,12,4,0
430,78.17,15,1,0
431,77.37,28,2,0
432,100.74,55,5,1
433,132.72,38,5,0
434,46.35,50,6,0
435,54.01,56,8,1
436,174.7,31,3,1
437,66.13,52,4,0
438,88.44,9,1,0
439,176.83,8,5,1
440,139.37,46,3,0
441,81.51,19,4,1
442,143.07,51,6,0
443,23.54,8,5,0
444,152.42,34,7,0
445,107.66,57,5,1
446,166.37,4,9,1
447,191.83,31,7,1
448,186.64,38,3,0
449,183.67,3,6,1
450,112.19,35,2,0
451,84.83,19,0,0
452,103.71,43,8,0
453,144.18,29,8,1
454,179.12,10,5,1
455,57.26,12,1,0
456,185.27,46,7,0
457,166.73,30,9,1
458,196.19,30,5,0
459,178.45,18,6,1
460,70.39,24,0,0
461,39.07,32,2,0
462,40.2,9,0,0
463,72.42,47,9,0
464,130.55,24,0,0
465,164.78,26,0,0
466,181.87,3,3,0
467,132.28,23,6,0
468,21.01,11,6,1
469,53.54,10,4,0
470,37.95,50,5,0
471,85.4,36,1,1
472,110.24,13,4,0
473,27.81,29,6,0
474,82.73,38,8,0
475,52.25,59,5,1
476,136.47,53,9,1
477,103.57,13,3,0
478,109.16,57,2,1
479,96.98,26,8,0
480,192.08,20,6,0
481,58.65,5,5,1
482,113.0,20,6,0
483,152.48,14,7,1
484,120.23,45,4,0
485,187.22,14,2,0
486,88.03,8,2,1
487,103.46,48,1,0
488,35.93,13,7,1
489,129.62,24,0,1
490,71.88,15,7,1
491,48.86,51,2,0
492,118.02,1,8,0
493,115.82,22,1,1
494,33.66,34,9,1
495,145.68,50,8,0
496,132.28,51,5,1
497,54.02,40,0,0
498,104.5,3,4,1
499,149.66,55,9,0
500,115.3,26,8,0
501,91.19,14,5,0
502,78.02,58,6,0
503,129.87,41,3,1
504,189.04,8,0,0
505,140.91,49,4,1
506,33.45,55,1,0
507,102.92,55,7,0
508,180.35,56,3,0
509,37.0,16,0,0
510,198.0,42,9,0
511,190.83,21,6,0
512,34.09,10,1,0
513,188.01,57,2,0
514,85.36,25,8,0
515,172.05,56,8,1
516,95.31,38,1,0
517,99.35,22,2,0
518,134.16,49,8,0
519,159.41,48,0,0
520,26.08,47,1,0
521,126.77,54,1,0
522,53.61,46,9,1
523,82.27,4,2,1
524,82.63,4,9,0
525,104.43,30,2,1
526,80.14,2,9,0
527,39.33,29,1,0
528,46.21,43,7,0
529,26.02,36,7,0
530,104.64,21,7,0
531,191.8,21,1,0
532,40.82,48,8,1
533,190.33,21,6,0
534,152.01,4,4,0
535,134.75,1,6,0
536,136.15,26,7,1
537,168.81,56,8,0
538,39.25,51,1,0
539,110.86,2,5,0
540,145.48,9,8,0
541,125.63,55,5,0
542,169.9,57,1,0
543,33.01,45,0,0
544,144.33,18,2,0
545,116.12,48,4,0
546,88.25,48,6,0
547,81.25,57,9,0
548,131.75,42,9,0
549,180.38,41,2,0
550,109.31,11,8,1
551,168.45,25,9,0
552,92.39,26,3,0
553,38.43,58,9,0
554,31.07,36,1,1
555,29.24,42,2,1
556,88.43,35,4,0
557,80.7,38,2,0
558,149.23,3,4,0
559,153.71,59,3,0
560,29.15,41,9,1
561,59.8,35,2,0
562,69.37,50,5,0
563,118.57,40,7,0
564,46.01,22,3,0
565,44.11,8,8,1
566,189.88,15,5,0
567,164.76,45,4,1
568,52.52,7,2,0
569,93.18,19,4,0
570,84.01,40,4,0
571,162.38,42,3,0
572,111.84,17,5,0
573,43.01,1,2,0
574,153.02,45,9,0
575,91.44,29,0,0
576,67.33,58,6,0
577,87.59,13,6,0
578,109.6,56,3,0
579,81.76,48,8,1
580,63.54,29,1,0
581,91.73,41,0,0
582,23.45,42,2,0
583,159.05,6,6,1
584,50.77,5,8,0
585,27.9,34,1,1
586,137.67,11,5,0
587,159.31,9,2,0
588,166.49,38,4,0
589,108.83,40,8,0
590,56.97,41,2,0
591,152.7,9,0,1
592,145.95,8,4,0
593,64.33,44,0,1
594,182.61,58,7,0
595,38.79,40,6,0
596,196.88,3,1,0
597,174.84,13,8,0
598,143.82,19,4,1
599,188.97,34,6,0
600,150.02,32,3,1
601,54.28,49,0,0
602,99.59,16,7,0
603,32.87,36,0,1
604,90.14,18,2,0
605,153.49,14,5,1
606,89.56,30,7,0
607,79.45,2,7,1
608,127.16,13,1,0
609,177.0,27,8,0
610,28.56,59,3,0
611,89.38,53,3,0
612,48.48,52,1,0
613,145.16,17,0,0
614,39.03,31,9,0
615,139.67,15,6,0
616,71.51,57,9,0
617,55.81,20,2,0
618,188.54,5,3,0
619,23.33,7,8,0
620,98.8,18,5,0
621,23.89,56,0,0
622,107.05,11,8,0
623,110.19,32,8,1
624,77.9,50,4,0
625,43.79,27,7,0
626,87.75,26,6,0
627,141.01,37,7,0
628,160.83,45,8,1
629,115.54,28,1,1
630,126.17,50,9,0
631,56.11,2,4,0
632,71.72,20,7,0
633,49.14,4,2,0
634,64.87,13,5,1
635,60.48,24,5,0
636,113.5,48,6,0
637,121.28,38,2,0
638,190.09,58,7,0
639,55.2,40,7,0
640,135.5,48,8,1
641,167.11,45,7,0
642,120.84,55,2,1
643,65.9,29,5,0
644,67.26,58,8,0
645,27.07,36,0,0
646,74.98,2,2,0
647,154.03,41,1,1
648,28.55,18,7,0
649,59.47,49,5,0
650,147.12,8,9,0
651,160.88,58,7,0
652,101.96,15,1,1
653,145.65,41,5,0
654,89.83,17,6,0
655,48.78,23,7,0
656,91.67,2,8,0
657,124.39,6,4,0
658,190.65,29,2,1
659,32.38,27,1,0
660,111.33,37,7,0
661,79.21,49,0,0
662,111.5,34,9,0
663,24.32,18,5,0
664,76.34,42,1,0
665,167.58,10,2,0
666,119.71,38,7,0
667,101.1,59,0,0
668,71.39,44,5,0
669,73.65,17,2,1
670,88.96,59,5,0
671,170.4,13,2,1
672,194.1,52,7,0
673,98.96,48,4,0
674,90.8,42,3,0
675,172.38,27,8,0
676,96.84,53,4,0
677,119.36,2,3,0
678,61.57,34,7,1
679,153.83,31,7,0
680,115.76,23,7,1
681,165.63,7,3,0
682,160.53,38,0,0
683,58.7,33,1,0
684,148.81,12,3,0
685,164.01,45,9,0
686,82.3,12,1,1
687,51.07,19,9,0
688,20.47,9,2,0
689,101.16,10,8,0
690,83.44,17,8,0
691,119.88,50,8,0
692,53.85,40,6,0
693,174.74,39,3,0
694,66.4,41,0,0
695,60.76,10,2,0
696,106.53,12,7,0
697,109.79,15,3,0
698,58.72,31,9,0
699,68.93,15,9,0
700,50.55,28,1,1
701,149.32,4,7,1
702,158.62,36,6,0
703,103.22,55,9,1
704,148.54,1,8,0
705,152.47,58,1,0
706,44.89,44,4,0
707,193.91,57,5,1
708,167.79,34,1,0
709,56.81,47,1,1
710,53.51,17,9,1
711,42.62,39,3,0
712,44.91,38,7,0
713,154.67,44,4,0
714,104.54,51,8,0
715,160.93,33,3,0
716,154.33,21,2,0
717,128.83,26,9,0
718,143.55,46,7,0
719,23.3,36,0,0
720,76.12,5,8,0
721,134.81,33,3,0
722,21.68,1,8,0
723,25.94,53,7,0
724,173.34,6,2,1
725,143.12,37,2,0
726,67.77,2,8,0
727,143.83,57,2,1
728,162.64,53,3,0
729,75.22,59,8,1
730,26.49,59,3,0
731,187.9,5,2,1
732,82.13,26,6,1
733,39.17,41,5,0
734,108.53,51,0,0
735,158.32,53,9,1
736,59.9,47,7,1
737,68.51,13,0,1
738,63.69,12,3,0
739,198.5,5,5,1
740,55.53,2,5,0
741,123.59,59,6,0
742,186.55,4,4,0
743,46.44,59,4,0
744,194.75,27,3,0
745,190.55,50,5,0
746,179.22,53,6,0
747,58.62,10,9,0
748,134.13,13,9,1
749,156.96,44,0,0
750,197.49,2,8,0
751,52.48,26,7,0
752,157.88,15,6,0
753,80.98,46,8,0
754,51.61,57,2,0
755,95.85,10,9,0
756,162.89,22,3,1
757,103.67,40,6,0
758,116.75,25,5,0
759,199.13,15,1,0
760,91.84,13,1,0
761,130.77,8,9,0
762,85.74,21,6,0
763,90.7,21,8,0
764,145.22,22,8,0
765,188.82,46,6,0
766,117.62,33,7,0
767,158.31,45,9,1
768,36.06,27,2,0
769,58.01,40,0,0
770,110.38,50,6,0
771,23.6,22,7,1
772,65.51,30,1,1
773,113.13,9,8,0
774,22.69,45,3,1
775,67.62,35,9,0
776,112.53,18,8,1
777,123.17,42,2,0
778,186.64,5,7,0
779,136.16,27,1,0
780,94.65,57,2,0
781,187.46,6,0,0
782,161.28,32,4,0
783,56.0,8,3,0
784,43.55,56,0,0
785,141.65,39,9,0
786,120.78,21,8,1
787,162.14,18,5,1
788,152.98,14,5,1
789,132.54,15,1,0
790,197.55,42,6,0
791,116.05,26,8,0
792,40.36,53,5,0
793,169.09,44,7,0
794,65.33,32,4,0
795,159.91,39,1,1
796,192.28,28,3,0
797,145.42,39,0,1
798,127.29,43,0,0
799,102.87,32,5,0
800,85.59,13,1,0
801,83.54,15,5,0
802,134.55,18,0,1
803,155.23,39,9,0
804,142.13,6,2,0
805,55.71,55,8,0
806,108.92,11,1,0
807,162.5,32,7,0
808,105.63,40,5,0
809,116.59,20,5,0
810,158.8,33,6,0
811,139.03,40,4,0
812,93.68,8,3,1
813,181.17,51,5,1
814,49.26,35,7,0
815,199.19,5,3,0
816,41.39,35,4,0
817,22.69,47,6,1
818,180.2,14,5,0
819,64.09,21,3,1
820,151.35,47,3,0
821,165.98,24,9,0
822,174.62,17,3,0
823,198.49,18,0,0
824,72.93,34,4,0
825,147.84,12,7,0
826,40.77,16,6,0
827,93.23,4,4,0
828,172.63,25,2,1
829,86.18,34,0,0
830,126.4,28,6,1
831,110.68,46,2,1
832,136.27,11,3,1
833,195.12,13,4,1
834,30.03,31,7,1
835,123.31,25,6,0
836,175.35,39,8,0
837,106.65,10,2,0
838,34.13,24,9,0
839,120.9,1,0,1
840,79.77,53,0,0
841,47.89,25,9,0
842,172.83,28,0,0
843,113.89,36,1,1
844,187.99,18,1,0
845,165.08,6,6,0
846,144.73,2,8,0
847,20.9,3,7,0
848,97.01,46,3,0
849,55.55,8,1,0
850,183.94,31,2,1
851,51.43,48,9,0
852,71.49,19,4,0
853,113.03,50,8,1
854,67.41,6,7,1
855,57.78,14,2,1
856,127.84,3,8,0
857,36.01,48,9,1
858,30.47,1,2,0
859,87.0,44,9,0
860,149.72,30,7,0
861,119.87,46,0,0
862,96.12,19,3,0
863,121.84,54,3,0
864,85.78,19,5,1
865,188.51,9,1,0
866,29.88,7,6,0
867,141.21,46,4,0
868,180.43,37,9,0
869,164.7,50,5,1
870,53.13,41,5,1
871,73.27,53,5,1
872,149.07,7,9,0
873,35.17,9,7,0
874,166.14,4,9,0
875,149.4,25,3,0
876,151.33,49,9,0
877,38.04,12,7,0
878,149.2,6,8,0
879,142.37,18,3,0
880,169.57,40,0,0
881,27.49,21,2,0
882,24.16,15,0,0
883,87.14,3,6,0
884,46.78,2,0,0
885,120.51,56,3,0
886,185.12,55,0,1
887,90.47,41,1,1
888,172.09,40,0,0
889,20.04,59,4,0
890,50.33,4,6,0
891,25.48,32,2,0
892,79.07,2,7,1
893,183.47,46,4,1
894,37.45,29,4,1
895,129.15,2,4,0
896,101.27,34,7,1
897,188.92,27,1,0
898,42.05,54,1,1
899,58.17,39,7,0
900,25.32,44,8,0
901,98.11,38,9,0
902,70.01,18,9,0
903,176.58,36,1,0
904,128.89,19,3,1
905,130.54,27,7,0
906,115.74,45,1,0
907,36.53,20,3,0
908,100.1,21,9,0
909,199.91,23,0,1
910,170.34,30,1,0
911,180.82,25,6,0
912,168.18,31,0,1
913,38.55,27,0,1
914,60.94,34,1,0
915,20.56,8,3,1
916,74.63,19,6,0
917,39.55,41,3,1
918,105.1,26,4,0
919,141.88,28,3,1
920,177.41,4,3,0
921,154.86,31,8,0
922,188.95,16,5,0
923,29.7,51,2,0
924,22.19,10,5,1
925,139.04,38,6,0
926,72.08,48,6,0
927,65.63,10,7,0
928,79.56,45,3,0
929,68.56,9,0,1
930,112.06,39,5,0
931,99.23,36,7,0
932,112.24,51,4,0
933,141.09,58,2,1
934,89.68,36,3,0
935,65.24,19,7,0
936,49.92,19,5,1
937,82.91,12,4,0
938,153.53,13,8,0
939,156.21,25,9,1
940,140.04,36,2,1
941,62.13,25,6,1
942,125.86,28,8,1
943,122.72,42,3,0
944,107.17,53,9,0
945,119.0,39,9,0
946,108.52,30,2,0
947,121.78,5,0,1
948,148.79,17,8,1
949,39.73,18,0,0
950,154.93,43,1,1
951,44.46,47,8,0
952,31.99,21,4,0
953,195.69,22,3,0
954,192.26,39,8,0
955,30.88,50,8,0
956,99.79,58,1,1
957,53.52,57,2,0
958,107.36,6,2,1
959,169.43,50,4,0
960,191.11,16,2,0
961,134.17,2,9,0
962,83.7,51,5,0
963,128.6,1,1,1
964,76.16,57,5,0
965,183.77,30,5,1
966,176.67,58,1,1
967,120.48,43,5,1
968,78.46,52,5,0
969,72.81,37,5,1
970,26.02,48,4,0
971,166.85,23,6,0
972,101.07,1,4,0
973,78.52,19,0,1
974,104.8,46,8,0
975,167.37,3,2,0
976,42.43,2,1,0
977,174.38,56,9,0
978,181.55,37,5,0
979,190.41,17,7,1
980,91.55,28,1,0
981,59.09,18,3,1
982,87.26,33,1,0
983,79.92,15,8,1
984,51.71,22,9,0
985,129.31,41,1,0
986,105.79,27,9,0
987,175.83,55,1,0
988,25.78,37,4,1
989,135.9,32,4,0
990,157.33,45,6,1
991,156.71,19,0,1
992,179.49,28,1,0
993,151.23,28,5,0
994,187.01,56,1,0
995,79.88,10,3,0
996,110.58,20,9,0
997,22.53,25,5,1
998,21.25,21,6,0
999,63.22,14,9,0
1000,38.15,22,4,0
1001,66.84,53,7,0
1002,51.87,26,5,1
1003,25.13,44,4,1
1004,183.67,11,3,0
1005,21.48,55,5,1
1006,152.49,7,5,0
1007,47.39,17,5,0
1008,184.2,18,0,0
1009,180.7,7,5,1
1010,137.7,56,0,0
1011,141.0,20,4,0
1012,20.96,38,6,0
1013,197.28,11,0,0
1014,178.01,44,0,1
1015,181.12,58,5,0
1016,138.66,16,6,1
1017,82.06,51,5,0
1018,180.86,55,4,0
1019,72.47,27,5,0
1020,121.29,51,2,0
1021,37.95,11,8,0
1022,185.95,16,4,0
1023,45.34,23,1,0
1024,60.48,59,9,1
1025,120.46,12,9,0
1026,157.54,59,6,0
1027,131.48,40,2,0
1028,61.78,3,0,0
1029,20.17,2,2,0
1030,156.29,38,8,1
1031,197.34,48,4,0
1032,165.78,52,6,1
1033,102.84,24,2,1
1034,182.68,29,3,0
1035,93.77,47,0,0
1036,114.49,46,2,0
1037,105.88,34,6,0
1038,100.57,20,3,1
1039,159.53,18,1,1
1040,114.82,14,4,0
1041,77.01,18,4,0
1042,66.47,2,1,1
1043,26.79,1,5,0
1044,124.98,20,9,1
1045,61.39,34,3,1
1046,46.66,41,0,0
1047,137.69,41,2,0
1048,142.62,48,8,0
1049,155.39,11,9,0
1050,110.64,27,6,0
1051,180.93,23,5,0
1052,188.54,38,0,1
1053,165.33,44,8,0
1054,134.41,3,8,0
1055,74.67,12,0,0
1056,196.93,30,5,0
1057,69.34,31,6,0
1058,56.48,23,1,0
1059,99.59,1,9,0
1060,30.23,41,7,0
1061,196.13,20,7,0
1062,125.92,54,5,0
1063,120.25,6,8,0
1064,138.04,11,2,0
1065,109.46,35,1,1
1066,25.77,4,1,0
1067,130.22,29,5,0
1068,148.91,59,6,1
1069,95.01,10,5,0
1070,156.31,51,2,1
1071,60.86,29,4,0
1072,59.83,38,7,0
1073,49.06,1,5,0
1074,86.96,40,1,0
1075,172.46,8,6,0
1076,169.02,57,7,0
1077,88.91,38,3,0
1078,126.04,17,0,1
1079,149.75,19,1,0
1080,63.42,33,3,0
1081,50.27,15,6,0
1082,194.98,45,1,0
1083,131.16,31,5,1
1084,196.65,21,1,0
1085,80.8,3,6,0
1086,146.55,2,1,0
1087,60.07,35,2,1
1088,67.02,41,8,0
1089,112.14,59,3,0
1090,77.53,16,4,0
1091,50.17,56,8,0
1092,67.32,45,6,0
1093,26.43,51,7,0
1094,146.8,59,2,1
1095,108.58,50,3,0
1096,36.96,21,6,0
1097,50.9,12,3,0
1098,38.46,28,1,0
1099,130.27,12,9,0
1100,36.96,33,5,0
1101,155.77,20,8,0
1102,23.69,40,1,0
1103,64.89,49,0,0
1104,180.32,21,7,0
1105,149.34,52,0,0
1106,33.13,54,0,0
1107,167.8,39,2,0
1108,108.75,41,4,0
1109,172.42,49,8,1
1110,128.13,59,9,0
1111,142.73,42,1,0
1112,198.83,36,0,1
1113,61.82,22,0,0
1114,132.31,26,7,1
1115,102.86,7,9,0
1116,27.1,7,9,0
1117,22.6,8,9,0
1118,41.46,26,1,0
1119,136.84,24,8,1
1120,122.09,24,8,0
1121,119.62,40,1,0
1122,25.73,48,2,0
1123,104.47,12,1,0
1124,186.43,47,5,0
1125,91.57,8,6,0
1126,132.49,54,5,0
1127,160.37,9,2,1
1128,161.11,3,2,0
1129,113.47,54,1,0
1130,174.43,21,1,0
1131,90.45,31,4,1
1132,179.96,48,7,0
1133,63.24,47,5,0
1134,70.44,24,8,1
1135,29.56,4,4,0
1136,163.2,20,9,0
1137,95.07,16,3,0
1138,61.24,10,8,1
1139,61.72,43,9,1
1140,182.25,26,4,1
1141,170.1,29,0,0
1142,119.64,5,4,0
1143,130.9,11,4,0
1144,105.38,29,4,1
1145,90.5,45,1,1
1146,184.79,15,5,0
1147,42.61,6,4,0
1148,95.32,48,1,0
1149,82.02,15,9,0
1150,109.67,43,7,0
1151,102.37,20,5,0
1152,113.4,34,9,0
1153,45.19,2,2,0
1154,112.37,44,8,1
1155,63.64,16,3,1
1156,53.18,19,2,1
1157,31.67,34,6,0
1158,157.28,49,7,0
1159,96.94,14,6,0
1160,132.8,24,0,1
1161,150.97,28,0,0
1162,142.28,48,4,0
1163,104.69,32,7,0
1164,89.82,37,9,1
1165,87.67,10,2,0
1166,135.21,49,7,0
1167,109.06,45,2,0
1168,172.84,48,3,1
1169,177.45,9,9,0
1170,50.7,24,6,0
1171,44.52,36,2,0
1172,133.47,56,3,0
1173,74.22,29,7,0
1174,23.34,29,3,0
1175,179.96,58,8,0
1176,60.84,48,3,1
1177,187.27,23,3,0
1178,149.14,27,4,1
1179,157.28,31,0,0
1180,56.26,43,6,0
1181,62.15,7,8,1
1182,113.83,49,8,0
1183,50.98,54,0,0
1184,74.98,45,5,0
1185,77.86,4,2,1
1186,48.73,14,3,0
1187,56.93,42,7,0
1188,161.94,42,3,1
1189,50.1,10,7,0
1190,25.12,59,3,0
1191,133.28,44,8,0
1192,195.68,34,5,1
1193,79.62,26,0,0
1194,41.36,23,9,0
1195,122.67,9,1,0
1196,183.14,37,6,1
1197,161.13,8,9,1
1198,132.05,53,6,0
1199,76.71,14,2,0
1200,117.54,7,0,1
1201,36.42,7,7,0
1202,142.21,9,9,1
1203,150.52,3,9,0
1204,193.71,14,6,0
1205,66.87,17,9,0
1206,23.32,50,7,0
1207,118.21,44,0,0
1208,147.22,22,2,0
1209,162.27,46,1,0
1210,54.87,26,0,0
1211,67.12,58,4,0
1212,112.27,28,2,0
1213,79.51,45,9,1
1214,174.89,14,7,0
1215,105.28,9,5,0
1216,163.92,51,9,0
1217,124.51,26,8,0
1218,159.16,2,8,0
1219,79.88,11,5,1
1220,169.65,17,1,1
1221,69.42,34,8,0
1222,118.3,19,1,1
1223,58.52,39,2,0
1224,105.59,18,5,0
1225,77.27,13,1,0
1226,68.01,5,4,0
1227,194.06,50,1,0
1228,48.81,23,3,0
1229,161.72,58,2,0
1230,197.15,56,4,1
1231,23.58,24,5,0
1232,145.82,29,6,0
1233,65.52,48,9,0
1234,27.29,47,7,1
1235,92.52,8,8,1
1236,188.34,26,3,0
1237,22.12,15,3,1
1238,125.82,57,6,1
1239,110.25,1,9,0
1240,177.21,28,9,0
1241,35.12,49,8,0
1242,142.67,47,1,0
1243,142.42,46,5,0
1244,140.43,14,9,1
1245,189.62,42,9,0
1246,168.16,34,7,0
1247,27.56,59,4,0
1248,104.79,31,4,0
1249,91.63,6,7,0
1250,75.83,49,0,0
1251,101.24,5,5,0
1252,89.15,31,9,1
1253,97.82,37,8,0
1254,196.27,15,5,1
1255,35.95,15,6,0
1256,186.0,52,3,0
1257,106.44,43,9,0
1258,132.27,5,0,0
1259,169.43,28,8,0
1260,84.88,33,5,0
1261,97.48,11,2,0
1262,93.71,43,3,0
1263,87.45,6,9,0
1264,186.6,23,5,0
1265,169.21,40,5,0
1266,39.62,2,8,1
1267,39.46,15,3,1
1268,97.02,23,4,1
1269,37.76,22,4,0
1270,131.44,9,2,0
1271,45.86,47,1,1
1272,114.03,40,7,0
1273,21.3,30,9,0
1274,76.99,16,8,0
1275,141.89,59,9,0
1276,107.13,46,8,0
1277,196.09,47,4,0
1278,177.34,52,8,0
1279,84.63,30,3,0
1280,28.19,45,1,1
1281,172.21,9,2,0
1282,184.02,1,0,0
1283,167.71,59,4,0
1284,43.03,38,0,0
1285,199.62,8,0,0
1286,66.55,59,6,0
1287,150.36,59,1,0
1288,183.45,52,7,0
1289,62.42,18,5,1
1290,183.49,27,3,0
1291,75.71,18,8,0
1292,195.75,32,9,0
1293,70.63,58,7,1
1294,191.62,49,9,0
1295,29.64,32,2,1
1296,147.67,53,2,0
1297,115.78,48,3,0
1298,106.02,45,8,0
1299,60.23,54,8,0
1300,147.01,36,4,0
1301,54.35,36,8,0
1302,119.51,21,5,0
1303,65.58,46,7,0
1304,192.01,32,7,0
1305,25.15,31,9,1
1306,55.95,37,6,1
1307,63.62,16,3,0
1308,94.53,46,3,1
1309,61.89,46,5,0
1310,108.44,14,8,0
1311,177.04,57,6,0
1312,148.17,24,4,0
1313,124.39,25,4,0
1314,36.02,46,7,0
1315,144.92,51,5,0
1316,49.95,35,0,0
1317,161.55,17,0,1
1318,65.01,46,8,1
1319,95.07,42,7,0
1320,83.08,45,5,0
1321,174.59,54,0,0
1322,42.78,4,1,0
1323,121.82,11,9,0
1324,45.57,47,2,0
1325,146.86,15,9,0
1326,182.91,30,2,0
1327,98.23,24,1,1
1328,107.86,2,1,1
1329,186.94,43,5,0
1330,113.78,34,6,0
1331,107.77,23,3,1
1332,124.1,31,0,0
1333,144.06,37,5,0
1334,39.24,13,6,0
1335,167.8,33,3,0
1336,98.39,7,5,1
1337,33.02,32,8,0
1338,161.51,7,3,0
1339,87.85,42,9,0
1340,38.07,38,3,0
1341,134.08,52,9,0
1342,178.42,44,4,0
1343,179.8,13,2,0
1344,192.38,24,9,0
1345,176.19,28,1,0
1346,20.39,32,8,0
1347,88.44,43,0,0
1348,167.34,18,4,0
1349,85.93,34,4,0
1350,128.28,48,7,0
1351,129.14,34,5,0
1352,85.7,51,5,1
1353,182.81,38,5,0
1354,110.58,1,3,0
1355,103.66,43,0,0
1356,199.55,50,2,0
1357,108.83,42,9,0
1358,52.11,31,5,0
1359,112.35,50,4,0
1360,166.52,1,9,0
1361,159.83,51,0,0
1362,161.94,16,4,0
1363,147.44,58,1,0
1364,65.76,39,0,0
1365,175.18,15,3,1
1366,180.82,33,5,1
1367,54.95,23,6,0
1368,43.48,53,8,0
1369,195.61,41,4,0
1370,176.3,34,7,0
1371,180.78,17,7,0
1372,179.55,25,8,0
1373,117.5,56,2,0
1374,136.35,42,2,0
1375,118.17,6,8,0
1376,29.22,31,6,1
1377,154.19,5,3,0
1378,110.96,40,0,0
1379,136.59,40,6,0
1380,110.48,30,9,0
1381,108.53,5,5,0
1382,50.92,12,2,0
1383,70.17,7,4,0
1384,48.59,45,2,0
1385,55.22,13,7,0
1386,195.14,49,4,0
1387,47.56,4,9,0
1388,68.47,50,9,0
1389,126.31,42,5,0
1390,129.83,3,1,0
1391,47.72,12,7,0
1392,162.87,1,8,1
1393,161.34,27,2,0
1394,62.72,43,5,1
1395,71.96,50,5,0
1396,188.84,13,1,1
1397,168.62,17,9,0
1398,145.6,8,7,1
1399,34.8,32,4,0
1400,95.29,20,7,0
1401,120.67,51,7,0
1402,53.73,17,2,1
1403,100.68,34,4,0
1404,128.18,35,6,0
1405,78.93,35,4,0
1406,160.57,38,5,0
1407,171.28,42,1,0
1408,78.25,24,7,0
1409,170.96,54,4,1
1410,38.64,18,5,1
1411,170.79,50,0,0
1412,47.5,46,9,0
1413,34.93,48,1,0
1414,135.52,39,3,0
1415,104.95,33,8,0
1416,183.42,49,5,1
1417,85.37,23,7,0
1418,71.69,25,1,1
1419,110.13,37,9,1
1420,102.07,27,4,0
1421,82.0,1,0,1
1422,144.87,21,3,0
1423,156.72,59,9,0
1424,173.54,49,0,0
1425,195.11,10,8,0
1426,68.0,31,1,0
1427,148.9,44,6,0
1428,90.97,25,2,0
1429,141.87,20,1,0
1430,105.68,57,3,0
1431,198.88,2,6,0
1432,151.2,55,6,0
1433,191.45,48,8,0
1434,170.29,15,2,0
1435,182.52,28,6,0
1436,166.6,13,5,1
1437,102.65,50,9,0
1438,65.32,52,6,0
1439,86.66,54,6,0
1440,23.64,14,9,0
1441,114.32,50,4,0
1442,110.91,2,8,0
1443,114.55,34,6,1
1444,195.33,35,6,0
1445,184.06,37,2,0
1446,49.11,25,0,1
1447,86.4,48,4,0
1448,96.31,54,7,1
1449,84.9,15,4,0
1450,163.73,12,9,0
1451,114.33,9,2,0
1452,122.98,58,8,0
1453,173.54,31,1,1
1454,165.07,14,2,0
1455,43.8,29,3,0
1456,148.5,53,9,0
1457,98.38,48,0,0
1458,73.04,43,3,0
1459,29.0,38,3,1
1460,107.7,42,8,1
1461,83.98,8,7,0
1462,65.27,48,1,0
1463,145.04,3,6,0
1464,158.51,2,5,1
1465,64.06,16,6,1
1466,28.9,19,3,0
1467,172.78,30,4,1
1468,21.79,41,5,0
1469,188.68,16,8,0
1470,132.97,31,1,1
1471,77.93,54,8,0
1472,64.37,58,9,0
1473,21.62,28,0,0
1474,62.38,4,3,0
1475,44.79,10,4,0
1476,130.19,51,8,1
1477,49.98,45,5,0
1478,115.15,18,3,1
1479,126.22,47,1,0
1480,73.65,32,4,0
1481,26.31,30,7,1
1482,26.71,36,7,0
1483,24.74,9,5,0
1484,153.04,36,0,0
1485,77.24,29,7,0
1486,163.33,16,3,0
1487,97.71,28,1,1
1488,101.54,21,0,1
1489,112.32,47,6,0
1490,148.35,56,1,1
1491,69.23,2,3,1
1492,41.89,59,3,0
1493,120.09,46,9,0
1494,78.86,35,0,0
1495,99.65,54,1,0
1496,136.45,28,0,0
1497,108.94,55,5,0
1498,131.65,36,2,0
1499,117.96,31,0,0
1500,153.16,33,7,0
1501,147.07,23,3,0
1502,116.15,41,9,0
1503,142.2,17,6,1
1504,177.24,46,9,0
1505,97.81,49,1,1
1506,94.3,1,5,1
1507,157.56,42,5,0
1508,124.86,23,6,0
1509,32.78,48,0,1
1510,180.58,27,0,0
1511,25.54,25,1,1
1512,154.71,32,1,1
1513,156.58,19,4,0
1514,191.56,24,0,0
1515,29.74,57,1,0
1516,127.43,3,5,0
1517,97.01,12,2,0
1518,79.51,35,3,0
1519,36.26,15,0,0
1520,121.28,17,4,0
1521,106.23,50,3,0
1522,38.82,32,7,0
1523,130.25,7,2,0
1524,152.83,19,9,0
1525,158.11,7,0,0
1526,182.97,5,9,0
1527,93.7,58,4,0
1528,191.55,40,0,1
1529,175.78,21,4,1
1530,73.37,48,8,0
1531,48.67,48,4,0
1532,98.37,51,1,0
1533,92.34,57,1,0
1534,123.63,47,9,1
1535,125.01,7,8,0
1536,155.0,37,4,0
1537,111.78,23,7,1
1538,38.87,11,9,0
1539,174.49,10,3,0
1540,75.76,57,1,0
1541,194.83,21,3,0
1542,41.21,55,3,0
1543,192.49,59,8,0
1544,36.38,41,9,0
1545,61.59,33,5,0
1546,28.38,20,9,1
1547,146.92,33,5,0
1548,173.05,40,4,0
1549,98.13,35,5,0
1550,187.13,34,0,0
1551,126.25,36,4,0
1552,133.4,27,5,0
1553,172.18,19,7,0
1554,73.42,43,3,0
1555,83.77,5,4,0
1556,183.07,29,3,1
1557,182.17,56,6,1
1558,195.77,10,9,0
1559,182.33,56,5,0
1560,42.93,59,3,0
1561,168.27,55,5,0
1562,93.77,40,3,0
1563,198.34,13,7,1
1564,105.01,29,2,0
1565,119.69,5,7,0
1566,115.36,58,1,1
1567,77.91,58,5,1
1568,33.5,59,7,0
1569,181.22,12,0,0
1570,164.48,59,5,0
1571,45.11,13,8,0
1572,159.82,22,9,0
1573,132.65,40,9,0
1574,93.65,15,1,1
1575,65.72,13,0,0
1576,174.75,1,1,1
1577,146.03,54,4,1
1578,118.59,38,5,0
1579,129.72,43,0,1
1580,36.39,45,6,0
1581,105.31,53,3,0
1582,54.87,52,8,1
1583,57.51,1,5,0
1584,139.03,11,8,0
1585,184.03,58,0,1
1586,92.68,43,3,0
1587,57.39,40,1,0
1588,136.77,22,5,0
1589,176.81,35,3,0
1590,154.7,51,8,1
1591,176.38,44,2,1
1592,116.58,6,0,0
1593,155.34,28,0,0
1594,45.21,31,8,0
1595,82.69,55,8,0
1596,90.12,8,4,0
1597,112.03,5,1,0
1598,187.23,42,8,0
1599,177.37,54,7,1
1600,44.21,48,9,0
1601,51.1,44,9,0
1602,84.38,17,5,0
1603,72.33,38,6,1
1604,130.66,9,5,1
1605,182.5,10,4,1
1606,193.21,20,3,0
1607,137.65,14,6,0
1608,170.87,14,3,0
1609,114.54,26,9,0
1610,57.5,29,9,0
1611,114.44,49,9,1
1612,119.91,27,8,0
1613,153.64,25,4,0
1614,59.58,16,7,0
1615,86.3,36,5,0
1616,85.52,34,3,0
1617,192.7,16,2,0
1618,99.91,33,5,0
1619,155.92,3,0,1
1620,155.15,23,1,0
1621,67.8,11,6,1
1622,122.94,48,3,1
1623,180.97,58,4,1
1624,105.54,18,9,0
1625,190.12,47,0,0
1626,58.6,41,1,0
1627,33.35,44,3,0
1628,180.46,29,7,1
1629,172.58,59,9,0
1630,198.67,50,3,1
1631,142.29,5,2,0
1632,188.6,24,2,0
1633,168.85,29,4,1
1634,172.0,29,2,0
1635,122.45,26,7,1
1636,88.83,40,4,0
1637,188.22,3,6,1
1638,97.78,2,7,0
1639,116.99,25,4,1
1640,100.3,19,7,0
1641,121.67,40,2,0
1642,104.69,2,6,1
1643,28.63,19,7,1
1644,178.77,1,6,0
1645,99.99,27,1,0
1646,126.01,54,7,0
1647,45.05,45,5,0
1648,20.61,55,9,0
1649,64.15,52,2,0
1650,146.83,49,3,0
1651,37.86,35,6,0
1652,183.6,41,2,0
1653,58.7,5,0,0
1654,56.83,38,5,1
1655,52.67,4,2,0
1656,22.52,17,9,0
1657,158.92,53,5,0
1658,177.51,21,9,0
1659,130.55,53,2,0
1660,53.88,48,5,0
1661,71.35,31,3,0
1662,105.67,48,3,0
1663,191.78,22,9,1
1664,64.52,11,9,0
1665,151.7,34,1,1
1666,99.1,49,3,0
1667,73.61,15,3,0
1668,102.06,50,6,0
1669,32.82,10,4,0
1670,163.76,38,7,0
1671,63.79,32,6,0
1672,150.57,53,9,0
1673,32.3,48,8,0
1674,191.92,31,7,0
1675,54.74,37,8,0
1676,178.89,44,0,0
1677,165.71,28,9,0
1678,194.21,31,2,1
1679,106.02,6,4,0
1680,150.93,14,8,0
1681,86.73,58,7,0
1682,53.19,23,9,0
1683,99.75,16,6,1
1684,49.83,25,1,0
1685,196.77,39,5,0
1686,37.32,2,3,1
1687,126.06,38,4,0
1688,132.76,41,4,0
1689,116.85,39,3,1
1690,139.19,34,3,0
1691,40.91,51,3,0
1692,119.9,40,1,0
1693,71.7,43,0,1
1694,189.23,25,1,0
1695,157.17,36,6,0
1696,195.05,16,0,0
1697,26.76,57,5,1
1698,71.32,18,3,0
1699,55.18,13,1,1
1700,22.01,59,2,0
1701,63.62,37,6,0
1702,142.18,27,5,0
1703,61.6,34,5,1
1704,111.62,11,7,0
1705,179.81,1,7,0
1706,144.88,13,5,1
1707,91.03,30,0,0
1708,87.04,5,9,0
1709,102.03,18,6,0
1710,51.87,14,7,0
1711,134.12,13,4,1
1712,85.55,32,3,1
1713,173.43,7,6,0
1714,156.18,8,5,0
1715,129.89,50,5,0
1716,85.56,7,2,0
1717,57.79,52,9,0
1718,159.71,49,3,0
1719,107.55,16,4,0
1720,60.46,43,8,0
1721,55.13,31,7,0
1722,49.77,51,2,1
1723,159.89,27,5,0
1724,61.22,33,9,0
1725,114.8,53,0,0
1726,101.28,29,2,1
1727,124.33,8,9,0
1728,177.89,33,6,0
1729,176.19,41,6,0
1730,101.19,19,1,0
1731,22.77,21,2,1
1732,96.76,41,6,0
1733,129.11,21,5,0
1734,120.4,25,6,0
1735,137.24,42,9,0
1736,47.73,56,8,0
1737,136.38,23,7,0
1738,52.88,11,5,0
1739,155.09,33,3,0
1740,81.04,20,9,0
1741,147.78,25,8,0
1742,28.62,26,6,0
1743,93.41,40,4,0
1744,146.91,52,1,0
1745,60.84,12,8,0
1746,163.15,32,6,1
1747,133.54,33,8,0
1748,125.76,10,8,1
1749,83.64,4,9,0
1750,106.84,15,4,0
1751,127.52,51,6,0
1752,105.04,6,4,0
1753,145.7,27,2,0
1754,98.07,5,9,1
1755,56.41,5,7,1
1756,58.51,18,7,0
1757,21.04,28,8,0
1758,74.17,35,5,1
1759,154.81,59,1,1
1760,162.95,22,2,0
1761,56.44,34,9,0
1762,192.63,4,5,0
1763,110.43,18,0,0
1764,185.06,41,1,0
1765,147.22,51,7,0
1766,150.04,26,7,0
1767,35.31,42,5,0
1768,59.6,22,2,0
1769,21.59,47,1,1
1770,148.9,33,5,1
1771,82.0,43,0,0
1772,161.6,14,9,0
1773,81.01,31,5,0
1774,167.48,10,8,0
1775,43.53,51,6,0
1776,51.21,24,8,0
1777,81.36,21,1,0
1778,93.53,48,4,0
1779,82.77,8,8,0
1780,157.46,32,6,1
1781,37.45,31,8,0
1782,83.22,34,5,0
1783,170.7,23,6,0
1784,32.02,25,9,0
1785,189.62,7,4,0
1786,197.54,19,5,1
1787,35.94,7,0,0
1788,72.43,47,0,1
1789,87.03,8,1,0
1790,159.75,14,3,0
1791,127.27,1,8,0
1792,135.99,13,6,0
1793,156.35,3,5,0
1794,41.24,53,0,1
1795,169.98,28,4,0
1796,147.01,38,3,0
1797,123.92,51,4,1
1798,180.15,15,8,0
1799,146.06,36,2,0
1800,56.31,53,3,0
1801,97.35,3,7,0
1802,108.93,4,2,0
1803,29.94,5,2,0
1804,191.83,50,8,0
1805,43.14,26,4,0
1806,145.54,25,9,0
1807,111.12,10,0,0
1808,24.61,8,6,0
1809,186.45,12,6,1
1810,173.33,54,5,0
1811,114.37,58,5,1
1812,61.21,59,2,0
1813,41.89,3,2,0
1814,85.41,27,9,0
1815,65.98,50,8,1
1816,111.2,23,0,0
1817,193.95,40,6,1
1818,123.49,58,9,1
1819,180.19,33,6,0
1820,137.16,14,7,0
1821,105.54,54,5,0
1822,173.83,23,7,0
1823,104.85,31,0,0
1824,176.35,13,0,1
1825,72.48,57,8,0
1826,43.19,12,3,0
1827,173.96,35,2,0
1828,125.73,18,5,1
1829,180.04,21,9,0
1830,188.81,45,8,1
1831,29.65,47,9,1
1832,110.17,42,3,0
1833,87.49,1,8,0
1834,132.65,38,4,0
1835,162.85,41,6,0
1836,70.51,42,2,0
1837,120.22,47,2,0
1838,147.57,9,2,0
1839,44.2,23,7,0
1840,166.53,14,5,0
1841,129.1,11,8,0
1842,190.92,7,8,0
1843,81.12,31,7,1
1844,39.47,24,0,0
1845,111.17,26,5,0
1846,35.45,30,3,1
1847,194.51,34,3,1
1848,26.96,46,2,0
1849,155.63,38,8,0
1850,114.52,5,1,0
1851,86.35,5,0,0
1852,31.85,19,9,1
1853,131.99,51,2,0
1854,125.34,38,3,1
1855,70.56,28,3,0
1856,183.84,26,5,0
1857,74.74,42,0,0
1858,100.95,23,0,0
1859,117.88,46,1,0
1860,38.04,49,3,0
1861,187.79,30,6,0
1862,87.42,3,5,1
1863,34.54,28,8,0
1864,89.71,33,6,1
1865,128.04,42,4,0
1866,112.46,3,5,1
1867,145.02,5,9,1
1868,29.99,57,8,0
1869,71.22,19,0,1
1870,167.46,42,8,0
1871,34.38,58,5,1
1872,173.99,57,3,0
1873,36.54,48,4,0
1874,170.2,1,0,0
1875,84.94,38,6,0
1876,130.2,9,7,0
1877,47.52,5,4,1
1878,31.91,59,1,0
1879,58.87,46,7,0
1880,43.01,42,9,1
1881,76.23,34,6,1
1882,112.59,37,9,0
1883,125.98,33,8,0
1884,162.18,25,3,0
1885,138.12,42,8,1
1886,129.58,29,3,1
1887,94.12,58,2,0
1888,105.29,25,2,0
1889,94.61,54,9,1
1890,171.59,59,1,1
1891,61.4,9,9,1
1892,21.03,3,2,0
1893,137.24,15,7,0
1894,56.44,4,7,0
1895,180.22,45,1,0
1896,174.63,38,1,1
1897,33.81,20,1,0
1898,39.15,49,9,1
1899,109.13,23,6,0
1900,129.66,37,5,1
1901,69.48,47,0,0
1902,149.02,8,1,0
1903,127.08,57,0,0
1904,78.47,37,6,0
1905,24.57,56,5,1
1906,155.03,45,1,0
1907,58.66,33,1,0
1908,170.21,33,1,1
1909,95.65,7,7,1
1910,123.87,22,6,0
1911,177.13,5,0,1
1912,175.45,46,3,0
1913,86.87,15,3,0
1914,57.6,21,6,0
1915,159.53,25,1,0
1916,97.95,17,3,0
1917,54.57,56,0,0
1918,182.8,50,3,0
1919,55.66,7,0,1
1920,24.65,54,1,0
1921,23.65,58,1,1
1922,132.02,50,9,1
1923,139.1,19,2,0
1924,75.99,52,7,0
1925,77.6,7,5,0
1926,81.11,40,5,1
1927,142.43,45,8,0
1928,30.46,59,7,0
1929,187.24,50,1,1
1930,60.05,24,5,0
1931,199.94,11,0,0
1932,50.87,41,8,0
1933,158.88,55,3,1
1934,60.21,1,3,1
1935,34.55,54,8,0
1936,177.49,32,2,0
1937,174.58,40,4,1
1938,92.64,53,0,1
1939,146.43,44,5,1
1940,120.27,2,2,0
1941,173.53,15,0,1
1942,76.71,21,9,0
1943,114.26,24,5,0
1944,107.37,50,9,0
1945,83.7,17,1,0
1946,180.46,47,7,1
1947,49.86,52,1,0
1948,46.91,52,3,1
1949,123.84,9,2,0
1950,138.35,35,8,0
1951,55.03,20,1,0
1952,90.33,19,2,0
1953,190.38,18,6,0
1954,64.39,20,3,0
1955,140.3,30,5,0
1956,153.23,40,2,0
1957,100.66,1,0,1
1958,188.75,24,5,0
1959,152.6,24,3,0
1960,102.43,47,1,0
1961,122.48,19,6,1
1962,144.67,30,9,0
1963,126.59,26,4,0
1964,178.17,42,5,1
1965,84.24,44,5,0
1966,73.98,38,8,0
1967,58.49,29,1,1
1968,26.8,13,5,0
1969,27.74,4,8,0
1970,176.61,45,3,0
1971,142.11,17,5,1
1972,138.9,33,6,0
1973,130.64,5,0,0
1974,172.86,28,4,0
1975,106.45,24,3,1
1976,176.67,17,9,0
1977,84.7,50,1,0
1978,186.81,39,1,0
1979,145.76,48,1,0
1980,66.29,40,6,1
1981,121.54,44,3,0
1982,115.95,46,5,1
1983,44.82,51,6,0
1984,126.42,11,8,1
1985,76.66,12,1,0
1986,29.42,13,9,0
1987,190.76,8,8,1
1988,135.47,1,4,1
1989,177.85,9,5,0
1990,141.69,28,5,0
1991,84.26,2,2,0
1992,112.28,14,9,1
1993,141.63,13,6,0
1994,192.85,48,6,0
1995,65.66,2,7,0
1996,177.5,4,4,1
1997,186.33,12,1,0
1998,140.67,48,2,0
1999,187.63,10,8,0
2000,91.62,3,5,0
2001,191.54,4,7,0
2002,146.5,6,7,1
2003,27.56,23,4,1
2004,183.24,5,0,0
2005,107.21,50,5,1
2006,102.86,3,6,0
2007,121.96,10,8,0
2008,46.89,43,1,1
2009,104.45,19,1,0
2010,169.6,14,9,0
2011,22.79,21,0,1
2012,69.13,43,4,0
2013,20.44,28,1,1
2014,94.83,21,2,1
2015,151.1,36,1,0
2016,163.78,24,3,0
2017,190.13,54,2,0
2018,129.53,38,8,0
2019,65.83,17,9,0
2020,186.35,22,1,1
2021,159.56,19,6,0
2022,123.4,45,2,0
2023,145.22,54,9,0
2024,186.38,10,7,0
2025,148.23,11,3,1
2026,86.31,38,3,0
2027,148.35,2,8,1
2028,27.25,33,2,0
2029,89.55,43,6,0
2030,93.14,31,0,0
2031,50.03,48,6,0
2032,24.16,35,9,0
2033,44.01,37,1,0
2034,137.83,47,5,1
2035,164.41,47,8,0
2036,197.88,36,5,1
2037,82.35,23,2,0
2038,127.89,36,0,0
2039,188.69,40,3,0
2040,50.07,39,3,0
2041,149.18,26,7,1
2042,155.9,25,9,0
2043,36.02,17,9,0
2044,175.02,15,6,0
2045,166.36,37,9,0
2046,26.01,45,6,1
2047,36.4,4,6,0
2048,28.84,22,1,0
2049,80.25,17,8,0
2050,111.67,22,5,1
2051,115.82,17,1,0
2052,68.18,14,0,0
2053,184.09,14,0,0
2054,86.29,17,0,1
2055,28.2,8,3,0
2056,74.04,34,3,0
2057,115.6,26,8,0
2058,93.48,45,0,0
2059,69.29,30,2,0
2060,43.64,22,2,0
2061,167.45,16,7,0
2062,199.31,30,1,0
2063,79.32,16,5,0
2064,88.69,38,3,1
2065,131.25,54,9,1
2066,149.32,24,5,1
2067,90.57,36,4,0
2068,182.89,35,8,0
2069,120.8,6,8,1
2070,101.07,4,0,0
2071,136.4,18,2,0
2072,191.5,6,0,1
2073,163.02,26,5,0
2074,27.2,37,2,0
2075,79.82,27,0,0
2076,104.7,41,5,0
2077,76.61,11,4,0
2078,146.03,38,7,1
2079,168.73,16,1,0
2080,151.64,19,7,0
2081,198.08,43,4,1
2082,69.06,53,7,0
2083,177.5,15,9,0
2084,157.99,26,3,0
2085,85.19,56,3,1
2086,152.14,41,9,0
2087,38.73,56,3,0
2088,162.08,31,5,0
2089,115.82,19,3,0
2090,72.61,57,8,0
2091,138.04,51,8,0
2092,135.49,24,2,0
2093,57.71,58,6,0
2094,25.47,9,4,0
2095,98.05,23,8,0
2096,122.51,4,1,0
2097,177.79,10,2,1
2098,187.08,9,9,1
2099,115.18,19,4,1
2100,155.68,15,4,0
2101,99.07,51,9,0
2102,154.29,34,6,0
2103,56.86,42,7,0
2104,86.79,19,7,0
2105,134.16,49,0,0
2106,23.27,52,0,0
2107,150.04,56,2,0
2108,170.4,21,0,0
2109,91.85,34,0,0
2110,100.63,51,9,0
2111,173.23,17,7,0
2112,159.62,18,0,1
2113,71.87,17,8,0
2114,78.32,2,1,0
2115,142.2,51,8,1
2116,121.38,1,6,0
2117,49.2,43,8,0
2118,75.79,57,2,0
2119,182.0,10,0,0
2120,143.87,37,0,0
2121,197.48,48,9,0
2122,158.06,56,5,0
2123,189.56,5,6,1
2124,58.91,56,8,0
2125,158.87,55,5,0
2126,23.64,12,4,0
2127,140.74,36,1,0
2128,104.47,31,1,1
2129,82.42,55,7,0
2130,175.23,38,0,1
2131,173.77,51,7,0
2132,24.01,9,9,1
2133,129.71,44,6,0
2134,86.21,26,6,0
2135,94.82,15,4,1
2136,169.77,16,2,1
2137,75.77,13,6,0
2138,189.75,25,6,1
2139,52.33,30,6,0
2140,139.29,53,1,0
2141,140.98,56,2,0
2142,65.4,7,2,0
2143,78.46,57,3,1
2144,170.26,55,8,0
2145,157.12,52,9,0
2146,79.24,4,0,0
2147,116.11,43,6,0
2148,31.1,40,6,0
2149,57.57,38,3,0
2150,107.45,57,0,0
2151,35.48,30,2,0
2152,171.8,10,4,0
2153,149.24,30,1,0
2154,189.85,39,6,0
2155,144.82,7,9,0
2156,189.27,36,9,0
2157,119.81,35,6,0
2158,128.04,24,9,0
2159,195.85,39,4,0
2160,135.58,36,9,1
2161,25.54,45,5,0
2162,150.28,20,0,0
2163,182.98,49,3,0
2164,163.2,32,3,0
2165,125.09,59,7,1
2166,140.83,39,1,1
2167,198.23,49,0,0
2168,36.32,26,6,0
2169,140.1,26,5,1
2170,71.01,36,4,0
2171,135.22,43,7,1
2172,129.37,35,1,1
2173,47.62,43,1,0
2174,57.21,35,8,1
2175,131.89,12,0,1
2176,43.08,33,5,1
2177,67.73,36,2,0
2178,170.34,14,4,0
2179,78.88,33,7,0
2180,107.85,46,6,0
2181,189.41,45,3,0
2182,60.89,45,7,0
2183,90.13,24,9,0
2184,129.16,15,1,0
2185,155.96,31,6,0
2186,182.3,17,4,0
2187,184.79,12,5,0
2188,159.8,22,2,0
2189,61.1,23,9,0
2190,24.47,26,6,1
2191,89.08,14,6,0
2192,45.48,12,1,0
2193,147.87,50,0,1
2194,139.0,4,9,1
2195,27.91,59,1,0
2196,170.59,46,7,1
2197,64.77,51,9,1
2198,97.8,13,2,0
2199,140.23,57,3,0
2200,97.3,55,7,0
2201,99.43,18,2,0
2202,31.81,43,5,0
2203,92.26,28,1,1
2204,157.67,38,2,0
2205,184.73,41,0,0
2206,94.43,44,8,0
2207,96.25,19,3,0
2208,146.47,46,5,0
2209,189.7,47,6,0
2210,68.07,43,1,0
2211,99.23,38,7,1
2212,163.28,46,8,0
2213,129.74,3,9,0
2214,39.91,19,1,0
2215,132.99,20,4,0
2216,53.61,25,1,0
2217,111.84,11,4,0
2218,115.24,56,6,0
2219,177.72,17,5,0
2220,103.25,59,3,0
2221,70.3,49,1,0
2222,61.57,55,6,1
2223,177.37,35,9,0
2224,50.78,14,8,1
2225,96.66,59,0,0
2226,53.69,39,2,0
2227,159.19,57,6,0
2228,105.39,19,8,1
2229,83.21,3,4,0
2230,85.0,34,6,0
2231,173.4,58,9,0
2232,119.68,49,6,0
2233,149.22,41,3,1
2234,181.47,22,4,0
2235,182.31,38,1,0
2236,79.13,56,7,1
2237,191.44,27,0,0
2238,24.48,21,1,0
2239,87.83,41,2,1
2240,181.24,31,6,0
2241,69.43,27,5,0
2242,69.15,37,6,0
2243,74.47,2,4,0
2244,130.22,54,3,0
2245,98.9,47,6,0
2246,150.81,9,2,1
2247,181.08,19,9,1
2248,141.36,42,6,1
2249,56.8,36,1,0
2250,187.88,10,7,1
2251,67.61,59,5,0
2252,46.98,40,2,0
2253,36.19,54,2,0
2254,121.41,45,4,0
2255,40.48,39,2,0
2256,44.98,7,5,1
2257,74.01,4,1,0
2258,70.7,15,7,0
2259,128.76,12,8,0
2260,167.01,48,6,1
2261,157.04,6,2,0
2262,67.25,9,9,0
2263,64.16,35,3,0
2264,193.84,8,9,0
2265,21.48,7,1,1
2266,178.35,4,8,0
2267,55.95,58,4,0
2268,190.51,13,1,0
2269,81.62,19,9,1
2270,99.26,7,5,0
2271,147.28,10,6,0
2272,125.78,25,1,0
2273,77.23,44,0,0
2274,119.69,58,6,1
2275,151.53,35,0,1
2276,27.62,58,2,1
2277,22.02,25,3,1
2278,102.45,29,1,1
2279,43.73,56,6,0
2280,139.58,12,4,1
2281,58.53,51,0,0
2282,97.91,47,7,0
2283,55.58,40,9,0
2284,118.73,12,6,1
2285,40.89,52,3,0
2286,24.16,6,1,1
2287,29.2,10,6,0
2288,191.77,2,1,0
2289,45.61,56,5,0
2290,147.53,45,0,0
2291,32.23,25,6,0
2292,39.47,7,6,0
2293,111.6,40,3,1
2294,103.68,23,3,0
2295,191.28,48,9,0
2296,190.07,11,4,0
2297,160.33,58,1,0
2298,128.38,36,8,0
2299,101.89,49,9,0
2300,84.11,48,3,0
2301,190.48,51,8,0
2302,128.52,23,2,0
2303,124.23,59,8,1
2304,61.74,43,0,0
2305,28.41,7,6,0
2306,190.13,27,3,0
2307,76.47,13,6,0
2308,99.67,51,9,0
2309,40.64,17,5,0
2310,170.65,32,3,0
2311,24.97,26,3,0
2312,170.12,57,7,1
2313,45.25,22,6,1
2314,179.58,13,3,1
2315,151.36,12,5,0
2316,49.64,7,5,0
2317,121.85,1,0,0
2318,76.28,33,1,0
2319,52.08,52,3,0
2320,174.65,55,5,0
2321,92.63,14,5,0
2322,91.74,59,0,1
2323,50.58,47,7,0
2324,88.95,43,1,0
2325,176.89,56,4,0
2326,85.36,58,3,0
2327,191.29,41,4,0
2328,190.34,17,4,0
2329,46.08,4,9,0
2330,51.92,52,7,0
2331,175.28,51,9,0
2332,90.7,39,6,0
2333,20.79,1,8,0
2334,69.3,41,0,0
2335,127.57,45,5,0
2336,163.87,24,5,1
2337,44.01,34,1,0
2338,39.9,34,7,0
2339,185.98,24,5,1
2340,155.21,59,9,1
2341,126.16,15,8,1
2342,158.45,17,9,0
2343,97.19,13,4,0
2344,156.52,7,6,0
2345,86.92,9,5,0
2346,63.94,44,4,1
2347,151.22,35,5,0
2348,95.54,23,3,1
2349,196.65,54,2,0
2350,82.91,47,0,0
2351,185.91,39,0,1
2352,187.93,23,5,1
2353,63.53,26,8,1
2354,163.68,1,7,1
2355,97.95,14,1,0
2356,185.15,32,8,0
2357,101.02,51,7,1
2358,153.97,48,8,0
2359,104.05,10,3,0
2360,61.0,1,8,0
2361,55.88,5,1,0
2362,96.58,3,0,0
2363,155.99,49,8,0
2364,128.91,50,9,0
2365,143.95,58,7,0
2366,70.82,53,6,1
2367,106.66,27,7,0
2368,27.99,51,0,1
2369,167.16,54,8,0
2370,198.18,57,9,1
2371,93.24,22,8,0
2372,21.97,18,8,0
2373,50.56,16,5,1
2374,137.45,2,3,1
2375,130.17,47,1,0
2376,161.82,13,3,1
2377,65.7,45,6,0
2378,157.45,16,0,1
2379,143.84,8,8,0
2380,78.11,43,2,0
2381,118.19,8,3,0
2382,46.51,54,4,0
2383,101.46,10,2,0
2384,178.62,55,3,0
2385,95.81,33,4,0
2386,171.12,31,0,0
2387,126.25,12,8,0
2388,54.54,9,9,1
2389,124.6,37,9,0
2390,111.08,9,3,1
2391,91.76,48,8,1
2392,41.53,18,3,0
2393,95.01,30,0,1
2394,33.1,32,4,0
2395,37.78,40,8,0
2396,94.86,23,2,0
2397,74.97,11,4,0
2398,186.6,20,2,1
2399,87.63,19,2,0
2400,156.41,36,0,0
2401,115.44,52,1,0
2402,146.74,26,1,0
2403,66.82,10,8,0
2404,189.54,24,6,0
2405,115.42,13,7,1
2406,169.64,52,1,1
2407,85.71,46,8,0
2408,38.04,53,2,0
2409,141.27,34,9,0
2410,21.4,29,1,0
2411,105.55,36,0,1
2412,54.7,7,8,0
2413,132.93,51,7,0
2414,196.3,30,3,1
2415,103.59,17,6,1
2416,167.15,48,2,0
2417,111.4,13,2,0
2418,109.25,56,3,0
2419,187.48,24,1,0
2420,180.19,54,9,0
2421,161.44,55,3,0
2422,73.33,31,9,1
2423,118.1,58,2,1
2424,60.3,27,7,0
2425,99.91,50,1,0
2426,107.16,21,8,0
2427,169.7,44,2,1
2428,181.29,55,3,1
2429,94.63,57,9,0
2430,23.19,1,9,0
2431,175.12,15,2,1
2432,51.37,3,2,0
2433,131.94,6,7,0
2434,24.49,14,7,0
2435,91.91,55,5,1
2436,197.47,38,3,0
2437,38.12,33,0,1
2438,96.26,52,3,0
2439,75.29,38,7,1
2440,182.92,8,5,0
2441,176.48,26,1,0
2442,62.79,15,2,0
2443,34.61,14,6,1
2444,132.88,48,3,1
2445,80.55,20,3,0
2446,140.98,55,4,0
2447,25.78,48,7,0
2448,44.01,59,6,0
2449,143.55,19,8,1
2450,58.23,56,4,0
2451,174.37,33,0,0
2452,30.55,36,3,0
2453,58.79,24,5,0
2454,199.74,10,5,1
2455,97.95,52,8,0
2456,146.53,50,9,0
2457,52.88,34,4,1
2458,129.78,36,4,0
2459,150.7,47,5,0
2460,76.61,36,5,0
2461,169.2,16,2,0
2462,128.62,15,5,0
2463,90.04,18,7,0
2464,120.38,7,5,0
2465,123.82,47,4,0
2466,49.8,22,2,0
2467,92.49,32,0,0
2468,81.82,43,4,1
2469,92.16,19,5,0
2470,157.0,40,5,1
2471,106.86,56,5,0
2472,189.26,1,2,0
2473,72.86,35,3,0
2474,94.83,5,2,1
2475,161.65,50,1,0
2476,118.28,12,7,0
2477,118.47,12,6,1
2478,29.6,21,7,1
2479,91.75,59,5,0
2480,68.73,58,6,1
2481,199.88,19,0,0
2482,75.5,9,9,0
2483,179.21,43,4,0
2484,141.72,49,3,0
2485,81.36,48,9,0
2486,117.84,36,2,1
2487,171.3,42,1,0
2488,179.01,54,8,0
2489,48.87,47,7,1
2490,81.12,57,9,0
2491,80.34,51,1,1
2492,27.57,32,5,1
2493,127.68,35,2,1
2494,173.87,31,2,1
2495,88.68,53,4,0
2496,153.21,55,6,0
2497,132.99,32,6,0
2498,87.62,37,9,0
2499,45.39,32,0,0
2500,147.68,43,6,0
2501,173.82,56,6,1
2502,143.45,37,5,1
2503,23.22,39,5,0
2504,58.92,38,1,0
2505,32.51,30,2,0
2506,122.67,58,2,1
2507,156.17,32,2,0
2508,39.9,45,1,0
2509,170.9,2,8,0
2510,119.99,51,5,0
2511,144.19,11,1,1
2512,194.85,59,2,0
2513,35.06,20,9,0
2514,182.22,37,5,1
2515,42.7,9,3,1
2516,90.73,38,6,1
2517,173.26,49,5,0
2518,183.13,19,5,0
2519,111.15,55,2,0
2520,126.94,40,7,0
2521,147.47,7,8,0
2522,169.9,5,5,0
2523,41.87,47,1,0
2524,165.81,42,0,1
2525,106.63,24,2,0
2526,101.11,48,2,1
2527,96.3,41,7,0
2528,111.66,7,4,0
2529,190.11,11,0,0
2530,118.68,9,3,1
2531,191.57,49,6,0
2532,52.45,30,4,1
2533,150.34,41,9,0
2534,166.2,3,5,1
2535,142.24,22,9,0
2536,129.25,40,3,1
2537,121.67,51,1,0
2538,174.97,20,8,1
2539,167.9,32,1,0
2540,42.01,48,1,0
2541,172.75,7,1,1
2542,94.53,7,0,0
2543,65.67,20,2,0
2544,176.56,25,5,1
2545,97.76,45,6,0
2546,165.51,35,0,0
2547,67.41,44,4,0
2548,20.71,24,4,1
2549,109.18,40,0,0
2550,38.04,13,3,0
2551,155.79,52,9,0
2552,69.69,48,0,1
2553,99.86,39,0,1
2554,35.67,4,6,1
2555,71.6,12,6,0
2556,160.67,17,2,0
2557,47.29,1,6,0
2558,136.49,17,2,0
2559,185.14,2,1,1
2560,142.37,6,9,0
2561,165.98,44,3,0
2562,39.61,58,9,0
2563,65.13,11,2,0
2564,181.02,53,6,0
2565,148.72,43,0,0
2566,135.12,18,5,0
2567,139.48,40,1,0
2568,94.56,25,7,1
2569,28.02,39,4,0
2570,161.2,28,2,0
2571,142.17,46,9,0
2572,105.1,16,6,1
2573,181.96,12,1,1
2574,80.51,41,4,0
2575,72.98,52,7,0
2576,177.1,29,0,0
2577,163.46,23,0,0
2578,112.7,21,2,0
2579,43.53,16,2,0
2580,58.71,53,6,0
2581,138.12,51,5,0
2582,89.31,48,6,0
2583,170.57,41,3,0
2584,190.99,45,1,0
2585,165.01,26,1,0
2586,87.96,37,9,0
2587,161.96,22,0,0
2588,83.26,51,8,1
2589,50.08,10,6,1
2590,26.01,7,9,1
2591,89.43,9,2,0
2592,182.64,25,1,0
2593,63.02,46,2,0
2594,57.17,15,6,1
2595,194.57,13,4,0
2596,24.5,42,2,0
2597,161.44,46,8,0
2598,77.85,26,1,1
2599,26.75,21,6,1
2600,185.2,23,9,1
2601,45.14,44,5,0
2602,119.32,28,5,0
2603,69.33,51,6,1
2604,31.73,38,5,0
2605,28.99,12,1,1
2606,40.8,24,4,0
2607,32.85,13,2,0
2608,156.9,40,8,1
2609,107.4,48,7,0
2610,81.72,2,9,1
2611,95.31,54,1,0
2612,187.21,39,0,1
2613,183.94,12,3,0
2614,148.82,39,3,0
2615,179.24,51,9,0
2616,77.54,14,1,0
2617,88.6,30,6,0
2618,130.47,41,2,1
2619,132.25,50,6,0
2620,106.71,43,6,0
2621,92.12,48,0,1
2622,197.51,19,5,0
2623,167.8,31,3,0
2624,98.3,43,7,0
2625,150.91,50,7,1
2626,68.52,43,2,0
2627,38.03,25,3,0
2628,83.44,4,0,1
2629,92.54,50,9,1
2630,22.98,51,1,0
2631,166.66,13,6,1
2632,84.65,36,6,1
2633,124.48,42,8,0
2634,33.31,54,9,1
2635,51.5,37,8,0
2636,180.14,3,8,0
2637,129.56,16,5,0
2638,191.05,26,7,0
2639,199.78,40,8,0
2640,86.93,56,6,1
2641,73.78,39,3,0
2642,174.5,19,3,0
2643,199.75,46,5,0
2644,133.34,15,3,1
2645,163.13,32,6,0
2646,160.71,49,7,0
2647,83.96,21,7,0
2648,123.37,1,7,1
2649,169.95,6,1,0
2650,143.86,27,9,1
2651,23.81,23,1,0
2652,80.61,47,1,0
2653,46.01,31,1,0
2654,61.93,12,3,1
2655,182.99,21,4,0
2656,26.64,52,3,0
2657,59.56,2,4,0
2658,75.72,5,3,0
2659,131.04,9,6,0
2660,116.14,20,9,1
2661,59.29,46,0,0
2662,49.56,18,0,0
2663,62.62,22,1,0
2664,110.46,8,0,0
2665,68.81,34,9,0
2666,190.57,9,9,0
2667,103.5,7,2,1
2668,30.58,30,5,0
2669,151.27,18,9,0
2670,79.19,27,5,0
2671,137.63,16,0,0
2672,70.33,21,5,1
2673,122.73,5,4,1
2674,158.99,55,6,0
2675,187.04,29,5,0
2676,67.0,47,6,0
2677,80.27,37,1,0
2678,103.57,43,0,0
2679,186.89,22,6,1
2680,182.25,14,8,0
2681,36.18,57,1,0
2682,43.75,19,6,0
2683,109.19,35,2,0
2684,39.19,24,5,0
2685,82.2,42,2,0
2686,46.71,6,9,1
2687,134.49,58,4,0
2688,190.91,3,1,0
2689,199.41,34,7,0
2690,87.54,45,7,1
2691,127.82,50,6,1
2692,174.13,2,5,1
2693,41.14,15,0,1
2694,144.12,37,7,0
2695,93.59,15,0,1
2696,57.11,32,7,1
2697,92.5,21,1,0
2698,33.67,17,7,0
2699,145.17,34,9,0
2700,65.49,32,3,0
2701,76.05,50,6,0
2702,41.79,47,4,0
2703,175.64,52,7,0
2704,108.82,23,5,1
2705,122.99,35,4,0
2706,122.5,37,0,1
2707,93.89,43,2,0
2708,54.66,41,9,0
2709,154.12,37,8,0
2710,42.87,57,8,0
2711,38.7,33,4,0
2712,147.83,25,2,0
2713,57.59,46,5,0
2714,75.22,37,4,0
2715,105.54,40,0,0
2716,100.88,21,1,0
2717,147.54,46,4,0
2718,132.22,48,8,0
2719,135.99,38,3,0
2720,148.53,40,8,0
2721,72.67,34,2,0
2722,78.02,19,0,0
2723,98.84,27,5,0
2724,75.34,9,9,0
2725,197.29,5,6,0
2726,166.53,5,3,0
2727,49.64,25,9,0
2728,21.01,26,4,1
2729,27.7,19,3,1
2730,63.93,30,2,0
2731,40.57,36,0,1
2732,116.0,48,5,0
2733,174.44,48,9,0
2734,152.62,16,4,1
2735,58.81,7,0,1
2736,91.87,18,4,0
2737,111.42,56,5,0
2738,165.84,21,9,0
2739,171.04,31,4,0
2740,183.75,1,0,0
2741,111.66,3,4,0
2742,144.97,31,9,1
2743,40.12,25,0,0
2744,121.75,53,2,1
2745,64.76,8,1,0
2746,97.71,1,0,0
2747,134.13,7,3,0
2748,66.26,7,1,0
2749,29.39,8,4,0
2750,21.84,19,9,0
2751,23.99,17,0,0
2752,21.5,11,9,0
2753,39.86,47,0,0
2754,63.11,41,9,0
2755,59.82,49,3,0
2756,197.62,11,6,0
2757,75.08,38,1,0
2758,42.94,41,1,1
2759,118.2,50,0,0
2760,174.43,52,4,0
2761,142.05,2,5,0
2762,73.29,4,5,0
2763,121.09,50,1,0
2764,148.67,28,6,0
2765,151.06,33,5,1
2766,139.98,11,7,0
2767,176.75,3,5,0
2768,176.62,40,8,0
2769,124.21,5,9,0
2770,97.37,52,1,0
2771,135.48,21,6,1
2772,167.28,22,4,1
2773,21.02,54,0,1
2774,198.56,37,2,0
2775,52.92,11,3,1
2776,104.64,44,1,0
2777,176.97,22,6,0
2778,60.51,41,0,1
2779,105.82,53,2,0
2780,43.86,13,8,0
2781,91.11,54,1,0
2782,51.88,52,4,0
2783,85.45,3,3,0
2784,87.22,13,2,1
2785,198.77,28,4,0
2786,199.07,54,5,0
2787,40.66,11,0,0
2788,150.67,11,1,1
2789,29.31,21,0,0
2790,25.43,52,2,0
2791,38.96,21,7,0
2792,193.79,7,7,0
2793,189.36,17,3,0
2794,54.91,48,5,0
2795,49.1,14,8,1
2796,63.3,33,6,1
2797,112.8,11,1,0
2798,122.55,13,1,0
2799,59.89,1,2,1
2800,156.19,34,7,0
2801,75.72,9,9,0
2802,185.98,13,8,0
2803,138.21,37,2,0
2804,98.54,30,8,0
2805,162.18,41,9,0
2806,167.22,45,7,1
2807,72.29,37,4,0
2808,81.15,47,9,0
2809,188.47,7,2,0
2810,49.65,14,6,0
2811,27.59,48,8,0
2812,101.73,6,5,0
2813,164.22,34,2,0
2814,158.9,16,4,0
2815,185.52,51,6,0
2816,115.98,37,7,1
2817,38.01,36,3,0
2818,125.96,46,1,1
2819,160.11,59,9,0
2820,36.8,6,1,0
2821,51.08,8,2,0
2822,22.21,24,7,1
2823,126.86,3,0,0
2824,179.61,4,6,0
2825,140.72,32,5,0
2826,196.77,1,1,0
2827,31.35,34,8,0
2828,182.54,45,4,0
2829,166.53,9,1,1
2830,76.56,12,2,0
2831,195.23,10,6,0
2832,71.83,10,6,0
2833,180.07,50,9,0
2834,178.53,44,0,0
2835,156.38,54,9,0
2836,121.42,48,3,0
2837,41.6,23,5,1
2838,115.75,6,7,0
2839,84.22,24,2,0
2840,162.6,57,2,0
2841,156.46,24,7,0
2842,183.91,21,7,1
2843,22.67,56,7,0
2844,165.64,42,0,1
2845,188.92,31,7,1
2846,162.07,47,7,0
2847,43.44,58,1,0
2848,34.63,41,8,0
2849,23.75,30,6,0
2850,133.17,56,7,1
2851,133.34,34,1,0
2852,197.64,18,3,0
2853,91.65,12,6,0
2854,79.74,35,5,0
2855,132.4,7,6,0
2856,168.61,41,0,0
2857,188.62,40,7,0
2858,164.56,25,6,0
2859,96.8,6,3,0
2860,134.28,1,0,0
2861,174.13,46,7,1
2862,108.31,16,9,0
2863,59.0,48,6,0
2864,50.55,4,7,0
2865,20.03,29,9,1
2866,149.28,38,0,1
2867,40.0,47,4,1
2868,63.89,28,8,0
2869,73.62,22,4,1
2870,120.87,8,9,1
2871,91.63,32,2,0
2872,141.44,33,8,0
2873,30.01,13,8,1
2874,42.31,27,3,0
2875,109.86,18,3,0
2876,80.65,18,7,0
2877,73.25,13,6,0
2878,32.07,22,4,0
2879,181.23,14,5,0
2880,144.53,11,2,0
2881,41.89,39,5,1
2882,31.71,50,7,0
2883,195.48,53,9,0
2884,142.61,22,8,0
2885,95.14,36,2,0
2886,146.31,17,7,0
2887,156.14,51,2,0
2888,160.39,32,1,1
2889,106.02,14,4,0
2890,97.38,42,3,0
2891,21.99,57,4,0
2892,186.78,29,5,0
2893,128.6,6,2,1
2894,56.57,50,0,1
2895,185.53,57,3,0
2896,184.69,4,5,0
2897,198.05,11,1,0
2898,177.33,45,1,1
2899,199.6,40,0,0
2900,64.04,10,8,0
2901,171.6,55,2,0
2902,168.15,28,1,0
2903,61.57,11,3,0
2904,37.72,35,5,0
2905,196.3,15,0,0
2906,73.28,8,8,0
2907,176.76,20,8,1
2908,20.74,50,7,0
2909,23.78,59,5,0
2910,103.86,21,3,1
2911,62.97,1,1,1
2912,144.17,29,7,0
2913,121.8,24,6,0
2914,33.95,30,3,0
2915,49.27,40,2,0
2916,89.85,35,5,1
2917,53.41,33,0,0
2918,162.6,20,1,0
2919,94.89,57,6,0
2920,36.82,16,2,0
2921,107.18,9,0,0
2922,36.35,31,1,0
2923,43.21,17,9,0
2924,63.13,59,9,0
2925,174.71,31,8,0
2926,186.43,48,6,0
2927,168.73,23,6,0
2928,80.13,6,9,0
2929,69.04,30,7,0
2930,118.85,55,7,0
2931,149.93,7,8,1
2932,198.81,56,1,0
2933,43.68,48,7,1
2934,28.87,40,7,0
2935,144.98,42,4,0
2936,169.8,46,4,0
2937,172.34,11,3,0
2938,142.12,34,4,1
2939,191.72,12,1,0
2940,111.98,52,1,0
2941,184.49,52,4,0
2942,194.21,45,2,1
2943,172.49,47,0,0
2944,75.76,27,8,0
2945,55.32,58,1,0
2946,118.66,12,9,0
2947,101.54,13,1,0
2948,178.0,8,3,0
2949,38.01,16,1,1
2950,66.39,29,6,1
2951,155.32,35,9,1
2952,37.1,29,0,0
2953,77.74,31,1,1
2954,89.69,13,4,0
2955,132.07,12,1,0
2956,48.46,51,8,1
2957,174.91,2,3,1
2958,100.56,33,8,0
2959,185.06,8,0,1
2960,104.22,41,0,1
2961,69.51,57,0,0
2962,45.53,59,3,0
2963,20.67,40,8,1
2964,115.79,53,7,0
2965,39.29,49,6,0
2966,90.51,41,0,1
2967,126.07,32,2,0
2968,69.62,38,8,0
2969,51.54,28,8,0
2970,159.45,15,4,0
2971,190.42,23,5,1
2972,38.08,24,5,0
2973,48.01,13,9,0
2974,192.8,21,3,1
2975,26.8,54,0,1
2976,195.97,12,4,0
2977,20.84,13,0,1
2978,177.26,39,0,0
2979,75.32,23,4,0
2980,188.95,50,4,0
2981,77.05,46,6,0
2982,137.78,43,1,0
2983,34.41,28,5,0
2984,63.62,14,1,0
2985,159.26,17,9,0
2986,115.16,24,4,0
2987,187.03,53,3,0
2988,97.18,58,9,0
2989,176.57,34,4,0
2990,100.81,51,1,0
2991,196.26,48,7,0
2992,192.77,22,7,0
2993,79.24,10,5,0
2994,179.47,54,2,1
2995,172.57,8,3,1
2996,57.92,21,0,1
2997,132.37,37,8,0
2998,33.08,7,9,0
2999,170.61,26,4,0
3000,51.42,13,7,1
3001,32.75,16,2,0
3002,92.04,30,3,0
3003,123.85,31,3,0
3004,173.89,5,7,0
3005,195.36,32,8,0
3006,99.11,16,2,0
3007,30.88,47,6,1
3008,154.84,9,8,0
3009,121.73,22,1,0
3010,100.62,55,3,0
3011,75.67,44,2,0
3012,110.43,40,7,0
3013,80.96,45,3,0
3014,156.26,37,8,0
3015,117.9,14,0,1
3016,177.83,16,0,0
3017,117.84,43,3,0
3018,62.89,20,2,0
3019,173.2,44,2,1
3020,120.3,15,9,0
3021,57.23,56,1,0
3022,132.23,44,9,0
3023,84.39,26,9,0
3024,171.99,9,1,0
3025,101.59,1,7,0
3026,150.76,35,0,0
3027,37.2,44,7,1
3028,91.28,20,9,0
3029,196.98,45,2,1
3030,165.52,55,1,0
3031,48.79,6,8,0
3032,70.0,42,4,0
3033,79.37,10,4,0
3034,137.07,48,5,1
3035,156.26,59,3,0
3036,154.91,33,6,0
3037,111.78,16,6,0
3038,165.95,36,8,0
3039,98.67,6,5,0
3040,42.3,19,0,1
3041,121.6,31,8,1
3042,191.41,2,9,1
3043,162.74,18,8,0
3044,124.17,42,4,0
3045,136.43,28,6,0
3046,187.5,4,0,1
3047,97.1,1,3,0
3048,79.65,47,9,0
3049,195.9,42,3,0
3050,175.42,50,4,0
3051,78.15,16,5,0
3052,103.48,45,3,0
3053,94.71,58,5,1
3054,46.84,47,9,1
3055,192.41,2,6,0
3056,92.78,52,2,1
3057,177.56,36,8,0
3058,54.08,1,7,1
3059,118.62,39,0,0
3060,24.31,23,1,0
3061,157.56,26,1,0
3062,124.56,11,9,0
3063,132.61,58,8,0
3064,29.31,42,8,0
3065,57.99,1,8,1
3066,33.38,11,0,0
3067,72.0,24,6,0
3068,132.94,10,2,1
3069,121.91,14,8,0
3070,130.19,14,7,0
3071,118.87,7,2,0
3072,69.15,23,0,0
3073,64.01,43,8,1
3074,44.67,22,9,0
3075,172.83,36,0,0
3076,130.97,27,2,0
3077,53.57,56,5,0
3078,51.9,2,5,1
3079,177.15,39,9,1
3080,153.69,51,3,0
3081,138.69,46,1,0
3082,93.24,19,9,0
3083,67.16,7,5,0
3084,196.3,12,9,0
3085,163.5,3,4,1
3086,74.32,47,5,0
3087,172.56,5,6,0
3088,156.61,8,8,0
3089,73.47,14,6,0
3090,96.78,36,3,0
3091,53.47,7,9,0
3092,39.99,7,4,0
3093,150.1,50,5,0
3094,68.15,46,8,1
3095,167.61,32,4,0
3096,199.21,8,4,1
3097,33.79,58,6,0
3098,105.15,12,1,1
3099,164.37,10,2,0
3100,162.01,14,1,0
3101,156.8,9,9,1
3102,82.82,38,9,0
3103,101.69,30,1,0
3104,127.09,5,2,0
3105,195.31,1,5,0
3106,78.96,1,4,0
3107,186.17,57,4,0
3108,68.48,20,1,0
3109,198.03,49,1,0
3110,140.65,11,0,1
3111,103.43,26,2,0
3112,130.41,44,6,0
3113,69.06,3,4,1
3114,69.35,6,6,0
3115,40.44,43,8,0
3116,40.53,45,5,0
3117,82.58,11,1,0
3118,157.31,8,0,0
3119,129.43,29,0,0
3120,38.47,10,9,0
3121,173.4,34,8,1
3122,128.25,24,5,0
3123,192.95,46,5,0
3124,140.63,48,3,0
3125,51.53,17,1,0
3126,105.28,32,9,0
3127,136.73,11,2,0
3128,25.09,34,2,0
3129,22.68,24,7,0
3130,43.29,55,5,0
3131,65.3,5,6,0
3132,97.32,29,8,1
3133,107.74,48,0,1
3134,44.84,48,1,0
3135,141.21,58,8,0
3136,127.3,34,4,0
3137,73.0,16,3,0
3138,22.46,25,0,0
3139,33.98,37,8,1
3140,90.51,8,8,0
3141,47.72,29,3,1
3142,87.83,52,8,0
3143,133.07,46,9,0
3144,118.5,25,0,0
3145,61.61,42,4,1
3146,81.89,23,0,0
3147,130.53,34,3,1
3148,174.95,3,4,0
3149,155.58,30,2,0
3150,119.61,50,1,1
3151,85.21,53,5,0
3152,85.71,34,2,1
3153,178.3,32,9,0
3154,27.06,53,0,1
3155,197.84,29,4,0
3156,139.59,9,1,0
3157,142.6,2,1,0
3158,26.84,57,3,0
3159,129.0,39,3,1
3160,107.26,7,3,0
3161,39.04,46,6,0
3162,70.03,5,0,0
3163,180.26,8,7,0
3164,119.0,32,9,0
3165,94.41,55,8,0
3166,33.08,54,9,0
3167,148.54,18,5,1
3168,146.51,38,3,0
3169,130.53,46,5,1
3170,111.85,18,9,0
3171,98.08,49,6,0
3172,126.79,41,5,0
3173,62.01,45,0,0
3174,189.43,16,4,0
3175,125.98,21,7,1
3176,76.01,10,7,0
3177,100.94,42,9,1
3178,165.02,4,8,0
3179,49.09,44,3,0
3180,72.71,59,9,0
3181,142.31,8,5,1
3182,76.79,47,6,0
3183,162.65,53,4,1
3184,43.48,55,7,0
3185,157.28,19,2,0
3186,32.3,47,7,0
3187,22.27,40,4,1
3188,181.68,40,0,0
3189,124.64,51,5,0
3190,83.33,9,1,1
3191,61.87,30,6,0
3192,131.04,56,8,1
3193,111.62,17,2,1
3194,198.49,40,9,0
3195,196.98,44,3,1
3196,134.3,59,3,0
3197,99.72,15,3,0
3198,108.41,4,2,0
3199,142.85,6,4,0
3200,38.28,16,8,0
3201,79.1,26,7,0
3202,33.55,57,9,0
3203,33.2,37,1,0
3204,55.25,23,8,0
3205,107.35,13,9,0
3206,161.26,47,1,1
3207,107.39,17,6,0
3208,80.39,57,4,0
3209,34.82,54,6,0
3210,119.05,27,4,0
3211,68.83,52,5,0
3212,130.69,22,7,0
3213,195.89,37,0,0
3214,40.04,19,0,0
3215,58.18,39,4,0
3216,105.16,35,0,0
3217,194.35,13,2,1
3218,158.93,14,9,0
3219,181.68,48,8,0
3220,80.07,31,6,0
3221,198.57,45,5,0
3222,38.51,2,7,1
3223,29.54,46,7,0
3224,174.01,52,5,0
3225,186.91,39,3,0
3226,36.31,37,3,0
3227,40.42,14,3,0
3228,25.97,9,5,1
3229,38.81,10,0,0
3230,57.7,7,1,0
3231,194.61,28,5,0
3232,140.21,46,0,0
3233,160.14,25,8,0
3234,159.71,46,5,0
3235,116.31,57,6,0
3236,163.55,28,0,0
3237,127.25,2,7,0
3238,76.62,17,4,0
3239,121.0,59,4,0
3240,116.03,52,5,0
3241,168.22,4,6,0
3242,196.71,13,6,0
3243,93.99,18,4,1
3244,157.41,3,0,1
3245,37.96,51,8,1
3246,159.83,37,5,1
3247,86.86,33,8,1
3248,27.09,41,3,1
3249,85.38,24,1,1
3250,129.92,8,2,0
3251,41.47,35,3,0
3252,186.33,2,9,0
3253,33.98,33,7,1
3254,187.4,12,2,0
3255,147.28,22,7,1
3256,79.35,13,5,0
3257,90.34,10,3,0
3258,153.35,17,6,0
3259,128.26,43,4,1
3260,140.9,5,4,0
3261,90.05,57,8,1
3262,107.81,59,2,1
3263,198.18,9,9,0
3264,58.51,13,3,0
3265,95.21,52,4,0
3266,72.53,23,0,0
3267,157.72,30,6,0
3268,157.52,43,7,0
3269,72.64,55,5,0
3270,34.65,4,8,1
3271,22.06,21,2,0
3272,96.94,43,1,0
3273,93.86,9,4,0
3274,197.91,7,8,1
3275,104.56,16,0,1
3276,66.16,23,0,0
3277,180.42,58,9,1
3278,108.39,23,2,1
3279,127.85,31,9,0
3280,37.22,57,2,0
3281,88.92,5,4,0
3282,189.96,6,3,0
3283,126.11,51,5,0
3284,82.01,1,7,0
3285,132.62,59,7,0
3286,183.87,48,3,1
3287,69.32,28,0,0
3288,110.92,18,6,1
3289,192.56,24,5,0
3290,51.03,13,4,0
3291,149.54,33,3,0
3292,130.61,10,5,0
3293,142.34,7,7,1
3294,83.22,37,5,1
3295,76.5,32,2,0
3296,143.16,45,8,1
3297,58.8,22,2,0
3298,95.54,16,3,0
3299,53.87,24,4,0
3300,21.49,52,1,0
3301,194.61,54,9,0
3302,97.71,14,9,1
3303,194.48,11,1,0
3304,45.26,19,5,0
3305,125.73,23,1,0
3306,56.18,34,9,1
3307,162.21,40,0,1
3308,161.07,13,7,0
3309,40.27,39,9,0
3310,184.17,44,9,0
3311,55.03,28,0,1
3312,130.34,40,9,0
3313,197.41,16,5,1
3314,178.83,50,0,1
3315,192.18,51,7,0
3316,81.67,28,4,0
3317,39.0,4,2,0
3318,53.9,28,4,0
3319,110.09,57,0,0
3320,162.78,12,0,0
3321,47.03,16,3,0
3322,138.75,53,8,0
3323,78.24,54,8,1
3324,81.42,49,0,0
3325,139.15,36,2,0
3326,104.06,20,3,1
3327,166.17,26,1,0
3328,48.07,56,6,0
3329,162.19,56,2,1
3330,31.56,26,0,0
3331,54.93,22,0,0
3332,138.11,56,2,0
3333,173.89,9,5,0
3334,65.48,5,3,0
3335,78.89,17,0,1
3336,116.68,49,6,0
3337,58.08,34,1,0
3338,166.01,2,4,1
3339,159.25,53,7,0
3340,46.15,55,6,0
3341,103.49,7,7,0
3342,159.47,36,9,0
3343,80.72,13,5,1
3344,133.96,20,6,0
3345,29.04,30,8,1
3346,129.56,30,5,0
3347,47.48,11,8,1
3348,169.5,31,1,0
3349,83.98,58,1,1
3350,70.68,3,1,1
3351,171.36,59,5,0
3352,29.03,2,1,1
3353,91.39,48,2,1
3354,86.6,3,7,1
3355,71.26,56,7,0
3356,184.12,15,3,0
3357,155.17,17,8,1
3358,31.51,48,7,1
3359,148.64,52,0,0
3360,114.91,7,7,1
3361,182.16,48,0,0
3362,76.33,5,3,1
3363,123.35,34,9,0
3364,110.14,33,5,0
3365,108.12,54,6,0
3366,102.1,45,9,0
3367,57.01,16,3,0
3368,156.03,37,7,0
3369,101.24,3,7,0
3370,192.53,59,8,0
3371,66.95,59,5,1
3372,142.89,47,3,0
3373,189.33,48,1,0
3374,139.42,43,6,0
3375,176.83,57,9,1
3376,168.95,51,2,0
3377,84.82,50,2,0
3378,128.02,21,2,1
3379,48.13,41,3,1
3380,116.39,8,1,0
3381,61.48,22,4,1
3382,153.87,51,2,0
3383,115.05,54,9,0
3384,94.02,5,4,0
3385,68.38,17,6,0
3386,199.77,37,8,0
3387,32.91,14,1,0
3388,27.84,39,8,0
3389,59.11,41,9,0
3390,194.79,28,5,0
3391,196.26,31,5,0
3392,137.89,17,2,0
3393,178.42,35,9,1
3394,58.51,40,8,0
3395,194.97,22,3,0
3396,45.7,45,4,0
3397,38.2,48,2,0
3398,40.2,53,4,0
3399,123.16,29,7,0
3400,160.58,10,7,1
3401,86.0,18,7,0
3402,196.02,35,5,0
3403,98.2,44,0,0
3404,47.08,16,9,1
3405,103.87,50,5,1
3406,142.23,49,9,0
3407,169.8,7,6,0
3408,102.58,30,8,1
3409,126.85,19,7,0
3410,68.12,55,7,0
3411,136.26,23,6,0
3412,197.47,8,1,0
3413,28.83,17,0,1
3414,179.58,21,1,1
3415,121.21,26,5,1
3416,65.38,57,1,0
3417,191.88,28,9,0
3418,107.0,59,3,0
3419,79.7,39,9,1
3420,52.67,33,2,0
3421,64.0,40,5,0
3422,169.91,19,7,0
3423,130.59,29,5,0
3424,184.38,20,1,1
3425,61.75,20,4,0
3426,41.8,10,5,0
3427,21.1,12,8,0
3428,111.42,56,5,0
3429,199.7,33,9,1
3430,145.09,56,4,1
3431,75.51,25,0,1
3432,177.83,25,9,0
3433,160.71,53,4,0
3434,22.77,4,4,0
3435,167.03,4,5,0
3436,74.09,9,6,0
3437,46.94,15,3,0
3438,60.74,56,6,0
3439,104.34,26,4,0
3440,96.48,15,5,0
3441,72.0,26,3,1
3442,51.0,28,7,1
3443,157.2,7,8,0
3444,198.22,32,1,0
3445,160.0,12,3,1
3446,73.27,35,7,0
3447,64.07,52,7,0
3448,59.18,32,8,0
3449,44.61,9,2,0
3450,119.24,14,0,0
3451,128.97,13,8,1
3452,146.99,56,0,0
3453,142.44,44,2,0
3454,72.62,33,2,0
3455,79.46,32,8,0
3456,142.67,19,0,0
3457,82.9,30,6,0
3458,58.27,16,1,0
3459,87.38,12,6,0
3460,68.98,10,0,0
3461,35.9,2,9,0
3462,169.43,18,9,0
3463,173.56,13,7,0
3464,59.56,29,9,0
3465,31.66,24,9,0
3466,152.99,38,1,1
3467,58.08,12,2,1
3468,90.82,29,7,0
3469,31.54,22,2,1
3470,60.73,36,0,0
3471,162.72,1,8,0
3472,164.79,43,7,0
3473,57.28,55,3,0
3474,80.46,40,7,0
3475,44.16,34,4,0
3476,33.35,34,2,0
3477,198.59,48,0,0
3478,138.01,33,9,0
3479,117.58,4,4,0
3480,157.79,38,5,0
3481,171.21,30,3,1
3482,165.21,53,6,1
3483,22.98,52,2,1
3484,53.63,46,6,0
3485,137.88,20,0,0
3486,87.64,26,6,0
3487,196.85,15,0,0
3488,139.77,7,0,0
3489,192.18,7,1,1
3490,56.26,50,1,0
3491,175.51,29,3,0
3492,77.84,23,0,1
3493,198.12,34,3,1
3494,48.38,20,1,0
3495,112.94,15,3,0
3496,162.71,33,3,0
3497,97.88,53,8,0
3498,104.26,17,8,0
3499,197.54,20,0,0
3500,96.56,57,4,0
3501,128.73,13,6,0
3502,29.82,44,3,0
3503,171.6,24,4,1
3504,136.67,54,1,0
3505,92.72,47,2,0
3506,22.91,56,6,0
3507,126.5,37,9,0
3508,22.28,7,6,0
3509,20.22,8,3,0
3510,130.9,23,0,0
3511,54.02,14,0,1
3512,54.54,4,3,0
3513,137.59,21,3,1
3514,29.67,46,5,0
3515,76.41,10,6,0
3516,46.9,22,8,0
3517,124.43,30,8,0
3518,139.12,30,9,0
3519,149.8,16,4,0
3520,65.94,11,9,0
3521,36.06,22,2,0
3522,34.16,29,2,0
3523,96.71,25,5,0
3524,190.25,58,0,0
3525,59.19,14,6,1
3526,66.21,14,2,1
3527,38.16,2,4,0
3528,129.0,54,6,0
3529,142.38,13,6,0
3530,135.73,3,8,1
3531,175.0,30,0,0
3532,107.56,18,2,0
3533,44.2,54,8,0
3534,72.09,36,7,0
3535,139.24,21,1,0
3536,130.36,53,7,1
3537,115.58,19,7,0
3538,142.93,16,1,1
3539,134.73,28,7,0
3540,178.64,4,2,1
3541,125.48,51,6,1
3542,160.15,55,8,0
3543,64.77,15,3,0
3544,142.07,1,5,0
3545,182.39,48,8,0
3546,89.43,47,4,0
3547,160.24,16,0,0
3548,150.46,54,2,0
3549,30.71,20,8,0
3550,124.67,33,2,1
3551,43.43,17,9,0
3552,194.12,5,1,0
3553,166.05,5,3,0
3554,39.75,58,4,0
3555,41.92,39,6,0
3556,127.01,13,6,0
3557,82.08,44,8,1
3558,26.28,36,7,0
3559,117.5,30,1,0
3560,89.81,57,7,1
3561,38.19,4,7,0
3562,164.35,23,4,0
3563,184.71,21,2,0
3564,156.19,21,8,0
3565,168.04,6,6,1
3566,58.97,24,0,1
3567,67.44,47,7,0
3568,57.53,53,9,0
3569,157.71,31,4,1
3570,190.63,19,5,0
3571,149.03,38,8,0
3572,178.66,12,9,0
3573,134.97,14,7,0
3574,89.78,50,2,0
3575,96.64,12,4,1
3576,33.56,56,3,0
3577,25.66,56,0,0
3578,145.19,15,4,0
3579,98.92,19,9,1
3580,119.4,28,6,0
3581,120.38,40,0,0
3582,69.93,41,3,1
3583,105.66,5,5,0
3584,104.74,5,8,0
3585,89.92,6,7,0
3586,167.72,23,1,0
3587,101.21,3,2,1
3588,128.66,37,9,0
3589,181.19,33,4,1
3590,175.92,43,6,1
3591,180.28,58,2,0
3592,68.6,21,6,0
3593,26.3,20,4,0
3594,66.99,1,9,1
3595,70.17,39,5,0
3596,183.68,47,5,0
3597,136.86,17,3,0
3598,34.71,29,7,0
3599,44.37,8,8,1
3600,48.02,26,1,0
3601,133.48,28,8,1
3602,152.37,34,3,0
3603,174.74,26,5,0
3604,189.31,13,6,1
3605,56.31,44,3,0
3606,75.76,37,7,0
3607,63.26,13,9,1
3608,84.58,38,7,0
3609,184.64,25,0,0
3610,123.52,47,7,0
3611,152.87,23,9,0
3612,108.22,22,2,1
3613,25.19,21,4,1
3614,31.56,54,9,0
3615,116.83,30,7,1
3616,149.38,11,5,1
3617,58.76,4,3,0
3618,149.94,33,3,0
3619,165.92,47,3,0
3620,94.14,12,5,1
3621,154.36,9,6,1
3622,92.73,32,4,0
3623,142.1,11,9,1
3624,157.52,37,7,0
3625,198.55,24,6,0
3626,82.17,7,7,1
3627,93.99,8,3,0
3628,49.81,33,7,0
3629,56.73,25,5,0
3630,144.81,1,2,0
3631,185.07,3,7,0
3632,91.03,40,6,0
3633,52.37,28,9,1
3634,71.32,43,4,1
3635,101.91,33,3,0
3636,72.32,46,0,0
3637,62.04,1,9,0
3638,152.48,38,2,0
3639,21.41,53,1,0
3640,117.06,27,7,0
3641,162.88,38,7,0
3642,67.92,35,4,0
3643,128.59,10,4,0
3644,140.4,12,3,0
3645,137.9,10,0,0
3646,100.25,54,0,1
3647,82.38,34,5,0
3648,170.47,24,3,1
3649,156.52,28,3,0
3650,77.83,22,2,0
3651,38.54,45,8,1
3652,32.93,16,2,0
3653,36.97,13,7,0
3654,124.92,36,1,0
3655,29.3,36,3,1
3656,80.65,43,0,0
3657,155.58,23,4,1
3658,72.98,14,1,1
3659,157.4,32,0,0
3660,154.18,3,0,0
3661,64.25,27,1,0
3662,151.19,19,4,0
3663,154.6,22,8,0
3664,91.54,57,5,1
3665,57.88,1,3,0
3666,113.83,5,2,1
3667,185.85,49,7,0
3668,135.13,33,2,0
3669,51.13,51,0,0
3670,142.9,19,3,0
3671,96.9,36,4,1
3672,126.48,51,4,0
3673,152.13,6,4,0
3674,112.69,15,7,0
3675,166.52,36,7,0
3676,149.99,56,3,1
3677,130.71,33,8,1
3678,47.14,24,0,0
3679,170.47,27,4,0
3680,188.46,49,4,0
3681,44.65,11,4,1
3682,107.88,49,7,1
3683,66.6,23,8,0
3684,155.81,33,2,0
3685,149.89,41,8,0
3686,45.36,46,7,0
3687,177.86,47,2,0
3688,52.58,56,1,0
3689,163.51,29,3,0
3690,102.26,31,1,0
3691,79.09,1,3,0
3692,48.48,34,4,0
3693,50.17,18,1,0
3694,139.14,18,7,0
3695,119.08,6,0,0
3696,41.98,52,2,1
3697,40.29,40,6,0
3698,33.02,1,9,1
3699,153.88,47,0,0
3700,148.14,42,1,0
3701,30.52,30,2,1
3702,120.85,4,1,0
3703,35.24,32,1,0
3704,182.67,10,5,0
3705,183.28,43,6,1
3706,145.68,5,5,0
3707,186.71,9,5,0
3708,166.06,5,8,0
3709,169.14,11,7,0
3710,122.55,35,7,0
3711,75.09,27,5,0
3712,59.2,4,4,0
3713,78.9,10,8,0
3714,133.13,39,1,1
3715,51.08,33,6,1
3716,66.56,59,5,1
3717,104.25,38,6,0
3718,61.95,8,3,0
3719,125.96,49,8,1
3720,186.17,24,6,0
3721,154.66,39,1,0
3722,139.96,33,3,1
3723,124.89,41,4,0
3724,107.83,43,1,0
3725,53.58,19,9,0
3726,181.05,2,7,1
3727,64.74,55,0,0
3728,36.44,11,2,1
3729,155.0,35,0,0
3730,51.61,17,4,0
3731,86.94,42,7,0
3732,25.09,3,6,0
3733,44.67,22,8,0
3734,51.18,35,1,0
3735,29.79,21,7,1
3736,138.2,25,7,0
3737,170.66,39,5,0
3738,87.2,2,2,0
3739,177.42,1,1,1
3740,58.4,7,7,0
3741,78.57,20,5,0
3742,47.13,43,3,1
3743,131.7,55,4,0
3744,95.58,6,4,0
3745,130.39,55,8,0
3746,157.1,36,8,0
3747,118.23,51,7,0
3748,132.97,21,7,0
3749,188.35,51,1,1
3750,73.83,46,2,0
3751,84.65,35,7,0
3752,149.19,36,4,0
3753,130.03,8,6,0
3754,52.14,50,7,0
3755,87.71,4,5,0
3756,104.21,43,4,0
3757,95.49,16,7,0
3758,52.09,3,0,0
3759,186.4,7,0,1
3760,157.22,2,0,0
3761,106.64,1,2,1
3762,142.41,58,9,1
3763,181.51,1,5,1
3764,44.51,38,5,1
3765,65.07,51,4,0
3766,117.69,7,6,1
3767,163.82,24,4,1
3768,26.53,5,1,1
3769,197.12,21,3,0
3770,101.88,28,0,1
3771,84.66,18,6,1
3772,72.69,24,3,1
3773,51.38,58,3,0
3774,162.48,32,3,0
3775,191.97,45,2,1
3776,94.46,33,7,0
3777,191.44,10,3,0
3778,168.28,9,7,1
3779,106.59,49,8,0
3780,141.32,33,0,0
3781,98.3,33,3,0
3782,120.57,7,5,0
3783,30.45,4,7,0
3784,145.33,28,5,0
3785,29.51,23,5,0
3786,167.08,53,9,0
3787,168.49,32,3,1
3788,62.67,44,8,0
3789,78.26,16,6,0
3790,106.64,46,5,0
3791,127.4,55,0,1
3792,71.72,10,1,1
3793,126.65,14,5,0
3794,73.6,39,0,0
3795,29.99,36,4,0
3796,20.45,34,0,1
3797,38.21,24,2,0
3798,162.61,18,6,0
3799,193.06,16,4,0
3800,96.85,41,9,1
3801,112.28,37,0,0
3802,46.43,41,0,1
3803,119.19,25,7,0
3804,46.04,8,8,0
3805,130.02,24,6,0
3806,187.99,20,2,0
3807,55.23,48,5,0
3808,157.62,30,2,0
3809,24.23,20,9,0
3810,87.59,18,3,0
3811,39.93,4,3,0
3812,83.45,48,2,0
3813,51.24,36,9,1
3814,87.19,6,5,0
3815,95.15,3,4,0
3816,74.11,18,8,0
3817,138.19,47,8,0
3818,185.39,40,2,0
3819,92.11,18,8,0
3820,54.62,56,2,0
3821,68.73,23,3,0
3822,173.72,35,0,1
3823,122.9,6,4,0
3824,101.9,54,8,0
3825,46.93,26,1,0
3826,100.95,21,3,1
3827,70.13,24,9,0
3828,189.77,15,1,1
3829,179.13,27,7,0
3830,35.1,32,8,0
3831,113.0,12,2,0
3832,60.51,5,8,1
3833,93.94,7,5,0
3834,177.83,22,5,0
3835,114.95,27,6,0
3836,80.16,15,4,1
3837,57.42,39,5,0
3838,164.06,45,0,0
3839,132.41,57,2,0
3840,104.25,35,8,0
3841,59.15,26,4,0
3842,80.16,23,4,0
3843,192.77,13,7,0
3844,113.62,26,1,0
3845,92.13,3,6,0
3846,113.86,29,8,0
3847,160.22,2,6,0
3848,81.22,28,4,0
3849,52.17,23,5,0
3850,125.29,36,3,0
3851,139.74,49,6,1
3852,148.29,6,0,0
3853,178.76,11,3,0
3854,86.81,38,2,0
3855,33.56,54,3,0
3856,192.5,34,0,0
3857,98.3,17,1,0
3858,132.19,3,8,0
3859,139.93,44,6,0
3860,118.37,46,5,0
3861,56.95,34,1,0
3862,155.93,22,0,1
3863,164.68,29,1,1
3864,119.54,54,6,0
3865,107.94,29,1,0
3866,40.51,5,2,0
3867,35.11,10,7,1
3868,81.12,10,6,0
3869,75.95,53,8,0
3870,191.66,9,3,0
3871,161.05,21,6,0
3872,138.79,13,0,0
3873,113.18,10,1,1
3874,50.13,38,6,1
3875,196.12,11,1,0
3876,87.51,4,5,0
3877,39.25,58,9,0
3878,108.88,46,8,0
3879,177.32,31,4,0
3880,179.71,49,9,0
3881,21.97,52,6,1
3882,179.53,34,0,0
3883,68.87,42,7,0
3884,27.02,35,8,1
3885,172.6,39,4,1
3886,175.5,39,5,1
3887,127.32,33,7,0
3888,123.4,8,3,1
3889,166.36,32,1,0
3890,161.54,55,9,1
3891,180.22,33,7,0
3892,119.49,8,1,1
3893,194.18,46,4,0
3894,199.31,14,5,0
3895,40.98,34,4,1
3896,172.92,8,5,1
3897,109.97,51,5,0
3898,89.76,42,2,1
3899,130.35,7,2,0
3900,30.07,13,8,0
3901,111.16,54,2,0
3902,176.76,21,2,0
3903,58.42,47,1,0
3904,96.75,32,6,1
3905,189.11,11,9,0
3906,97.14,58,9,0
3907,84.51,14,3,1
3908,99.3,11,0,1
3909,113.5,2,5,0
3910,133.76,34,4,0
3911,164.12,44,1,0
3912,101.38,47,5,0
3913,167.15,17,0,0
3914,116.07,14,2,0
3915,80.93,25,3,1
3916,138.43,48,2,0
3917,149.19,27,5,0
3918,120.45,8,3,1
3919,30.19,56,0,0
3920,50.58,17,4,0
3921,71.35,5,4,1
3922,70.87,12,8,1
3923,141.22,38,7,0
3924,23.3,18,7,0
3925,156.02,26,4,1
3926,67.76,31,7,0
3927,75.8,37,9,0
3928,115.02,6,6,0
3929,58.87,41,0,0
3930,179.2,15,6,1
3931,35.37,42,7,0
3932,99.99,49,2,1
3933,172.9,26,8,1
3934,130.85,51,7,1
3935,72.62,12,1,0
3936,95.74,41,5,1
3937,147.2,47,3,0
3938,195.19,14,2,0
3939,180.76,1,5,1
3940,81.64,17,9,0
3941,199.68,33,8,0
3942,20.63,55,1,0
3943,24.97,29,9,0
3944,168.29,53,9,1
3945,55.9,54,9,0
3946,30.94,45,4,0
3947,62.69,31,5,1
3948,96.7,8,3,0
3949,151.5,30,6,1
3950,132.38,13,1,0
3951,62.77,16,6,0
3952,110.59,2,1,0
3953,186.72,45,0,0
3954,166.7,18,4,1
3955,78.17,35,1,0
3956,196.81,45,7,1
3957,147.55,19,7,0
3958,31.24,13,0,0
3959,26.33,51,3,0
3960,50.31,4,8,0
3961,151.01,19,4,0
3962,53.07,50,9,1
3963,112.07,25,5,0
3964,36.79,38,2,0
3965,185.76,51,4,0
3966,81.91,57,0,0
3967,183.46,31,7,0
3968,190.08,36,5,0
3969,21.1,4,1,1
3970,103.54,56,3,0
3971,24.44,39,3,0
3972,183.56,7,8,0
3973,113.31,58,8,0
3974,33.49,55,4,0
3975,39.85,58,2,0
3976,89.03,16,0,0
3977,189.24,59,5,1
3978,144.72,48,7,1
3979,176.17,5,0,0
3980,85.96,47,0,0
3981,27.78,23,6,1
3982,195.38,36,6,1
3983,23.09,32,1,1
3984,190.58,24,2,1
3985,86.36,25,1,0
3986,21.82,45,5,1
3987,144.05,28,7,1
3988,196.5,19,7,0
3989,193.81,7,0,0
3990,48.97,44,8,0
3991,52.62,58,7,0
3992,121.8,41,8,0
3993,134.71,17,8,0
3994,153.1,2,5,0
3995,52.59,16,2,0
3996,192.62,39,0,0
3997,134.97,18,7,1
3998,172.47,39,9,0
3999,117.21,1,2,1
4000,94.57,3,6,1
