House_ID,Square_Feet,Bedrooms,Age,Price
1,1660,5,48,408062
2,4572,5,23,482986
3,3892,5,6,75457
4,1266,1,13,383811
5,4244,1,49,402895
6,3971,5,23,112894
7,3719,1,9,111305
8,930,4,17,193684
9,2485,5,2,283913
10,1569,1,19,259699
11,3191,2,19,480305
12,3233,5,7,364281
13,1984,5,42,50559
14,4185,4,42,378393
15,4917,3,20,87361
16,3704,3,9,392864
17,1274,4,17,327405
18,1882,4,27,332516
19,3358,4,47,367499
20,2847,3,2,278748
21,3547,4,36,410704
22,1775,1,19,238992
23,2606,5,17,293950
24,989,5,5,475760
25,3534,2,39,50037
26,3805,2,18,224104
27,2699,5,7,353564
28,2067,1,17,147243
29,2328,3,39,179380
30,4002,3,36,308430
31,4356,1,40,84600
32,4690,3,45,229357
33,1446,4,4,243080
34,3688,5,38,401664
35,3235,5,25,317311
36,1400,1,5,307351
37,3163,3,30,50432
38,2861,2,12,311550
39,1041,2,4,119687
40,2841,3,24,294288
41,3624,2,29,384091
42,3412,1,9,408468
43,2163,1,4,363047
44,2278,3,24,235221
45,3356,2,14,268712
46,1575,1,5,237840
47,4814,1,18,377936
48,834,4,42,345583
49,3952,4,19,214329
50,2755,1,12,225746
51,2385,3,18,363392
52,4743,5,17,226443
53,3873,5,30,279354
54,1821,1,24,218369
55,4261,1,11,497489
56,3413,1,35,84743
57,4643,3,23,249824
58,2300,4,17,129803
59,961,1,1,387261
60,2781,1,15,251123
61,1795,2,32,72076
62,4142,3,9,291424
63,4598,1,15,256384
64,2075,2,28,300699
65,1816,5,24,399627
66,1137,1,35,184035
67,1678,1,22,431361
68,1876,2,27,194938
69,4793,3,19,416648
70,1179,1,45,213377
71,1292,5,12,263968
72,2862,1,20,417793
73,4684,5,1,438388
74,864,4,21,344957
75,3368,4,49,378873
76,2827,5,45,316656
77,3495,3,1,300703
78,2295,1,10,465882
79,1191,1,47,197702
80,4361,4,32,167907
81,3078,5,39,255591
82,3899,1,22,443852
83,1000,1,18,446991
84,3904,3,48,114591
85,3254,2,46,259633
86,4445,4,32,283559
87,1604,4,27,323495
88,3531,2,28,427544
89,3573,1,18,170533
90,2370,3,39,153627
91,3490,3,49,498400
92,4640,4,29,178381
93,1828,3,18,292264
94,1302,2,44,407851
95,1670,1,8,393822
96,1006,2,31,123309
97,2284,5,34,275074
98,1663,4,7,322922
99,3590,3,36,193573
100,1363,5,18,424857
101,4991,3,38,445324
102,2557,1,9,86382
103,2478,1,9,272426
104,4042,1,46,387931
105,1859,3,8,73341
106,2522,5,35,195439
107,4114,1,18,432111
108,3957,5,5,276280
109,3425,3,14,181066
110,3529,5,28,250940
111,2397,3,30,455218
112,3860,3,4,309252
113,3493,4,39,135820
114,4427,3,20,109949
115,2163,3,25,458916
116,2781,2,28,260377
117,2463,1,12,112543
118,2329,4,2,472534
119,2838,4,43,339754
120,4102,4,14,311878
121,3037,2,22,254446
122,2106,3,31,377370
123,4829,1,23,357311
124,3475,5,48,258851
125,2082,3,20,209011
126,1509,2,38,117381
127,4548,3,4,358854
128,1463,3,15,328910
129,2798,2,24,152416
130,4245,4,25,62780
131,4543,4,1,98458
132,2295,1,7,368365
133,4104,1,31,313653
134,4563,4,12,401637
135,2653,5,42,477562
136,2091,3,5,428994
137,4381,5,44,227946
138,4257,3,42,469364
139,2436,4,38,81533
140,4496,1,12,420288
141,3799,1,39,434546
142,3952,5,18,390611
143,1498,1,2,313503
144,2960,4,10,169119
145,4897,5,15,271140
146,1654,3,30,332488
147,4274,1,44,430643
148,2507,2,17,381922
149,3577,1,4,332745
150,2533,3,7,295840
151,4310,5,41,462332
152,1002,3,31,238057
153,4055,2,39,413157
154,1566,4,34,298182
155,3127,1,6,342926
156,3731,5,38,161095
157,997,4,45,493035
158,2730,3,34,409267
159,4382,5,44,356602
160,1408,4,15,436369
161,4072,5,14,189152
162,1947,2,6,215029
163,4197,2,37,457124
164,3311,1,32,408332
165,2594,1,3,276952
166,1459,2,3,171292
167,3611,5,22,140570
168,2169,2,22,173791
169,2786,1,10,490698
170,946,2,3,437435
171,4019,2,12,410519
172,3711,5,29,88314
173,2534,4,48,282061
174,2643,1,17,255993
175,1288,5,7,421024
176,3776,2,13,412470
177,2759,2,2,196903
178,3185,4,4,433170
179,3719,1,10,463341
180,2602,1,39,374595
181,4861,3,24,95708
182,4169,1,17,329826
183,1062,4,6,414550
184,1423,3,19,216866
185,1816,3,5,371516
186,4443,2,32,89477
187,2849,2,10,497079
188,4523,1,9,219809
189,3908,3,27,183692
190,4890,2,13,284241
191,2856,4,19,303105
192,3970,2,21,216129
193,2482,2,24,483354
194,3055,3,38,260462
195,1954,3,4,103024
196,3991,5,24,452893
197,2496,4,35,225183
198,4791,3,3,205146
199,2448,1,4,67824
200,2245,4,37,443981
201,4999,4,40,488655
202,4723,3,48,409295
203,1053,4,35,98926
204,3983,3,31,217932
205,3357,2,44,325119
206,898,5,25,387021
207,3000,2,40,274749
208,3761,3,13,390014
209,4577,3,4,295453
210,3669,2,46,131371
211,4034,1,14,207620
212,4591,1,13,413114
213,1756,1,27,148066
214,4867,3,6,219808
215,960,4,17,111562
216,2100,3,36,352553
217,4787,4,40,321978
218,2327,2,49,152192
219,2018,5,35,50840
220,3904,4,17,260481
221,3535,1,41,81568
222,1754,3,2,322990
223,4246,2,13,186971
224,1845,1,2,136038
225,2493,2,28,247173
226,4236,5,43,481989
227,1362,3,26,179789
228,3285,3,22,419604
229,4154,5,47,124723
230,1025,3,43,288755
231,1759,4,3,416338
232,3867,2,35,423561
233,1615,1,12,447527
234,3920,5,24,290822
235,816,4,5,106888
236,2043,1,20,353760
237,3005,1,39,233206
238,3324,5,39,318227
239,1869,4,13,193670
240,4244,1,41,394620
241,3365,1,45,142416
242,1860,4,12,314724
243,3127,3,13,172834
244,4220,1,10,162148
245,1101,2,33,238467
246,1406,4,40,354465
247,3970,1,16,321530
248,1499,5,45,365315
249,1939,2,35,200594
250,990,1,3,246604
251,3100,2,5,457851
252,1780,2,26,443887
253,3775,3,11,83545
254,1984,2,7,235151
255,4127,3,10,338999
256,4194,4,42,85790
257,927,3,34,101012
258,2865,5,3,167827
259,2616,1,8,310123
260,1369,4,31,64260
261,2695,4,11,246211
262,3533,5,45,313218
263,4663,3,7,485892
264,4814,1,45,190547
265,3701,3,2,259486
266,2486,2,6,196192
267,3809,3,41,466363
268,954,4,32,314130
269,3337,1,20,290201
270,2209,3,34,213502
271,4857,1,16,288569
272,1584,1,25,105479
273,3975,2,12,442977
274,3606,2,7,314320
275,1337,4,39,134258
276,2641,5,17,289423
277,3255,1,45,427332
278,1324,5,11,134153
279,3750,4,6,242990
280,4931,1,23,309642
281,4915,1,27,470331
282,3168,5,46,283984
283,4647,3,6,127442
284,3501,2,38,352146
285,1771,3,2,107124
286,1966,5,22,449826
287,3574,2,20,361896
288,2782,3,25,309488
289,1653,2,15,128947
290,4946,1,49,431116
291,4536,3,29,386860
292,4569,2,8,491209
293,1374,2,37,322217
294,4061,2,49,349395
295,1948,3,33,146496
296,2515,4,22,252509
297,4654,3,47,351041
298,3291,5,5,494122
299,3460,3,39,363760
300,3924,2,18,312037
301,3851,1,38,316626
302,804,3,37,420134
303,1676,3,30,272036
304,1791,2,31,220646
305,4942,1,10,355428
306,1435,1,15,385076
307,2493,5,42,319482
308,2482,3,48,223790
309,919,1,44,193572
310,1630,1,18,192617
311,4475,4,23,111480
312,2169,4,33,186313
313,1540,1,16,270386
314,916,5,38,466037
315,3638,1,35,54695
316,1950,2,34,258138
317,2731,3,28,64318
318,1812,5,2,363078
319,2464,2,30,465547
320,1881,5,13,433426
321,1312,2,41,233744
322,3649,3,16,141891
323,1359,3,5,274757
324,4472,4,28,118754
325,4143,2,39,397821
326,4870,4,45,414464
327,2270,2,20,446053
328,1380,4,24,437405
329,3094,3,27,417482
330,3947,5,30,90077
331,2479,4,45,392059
332,4306,2,27,185311
333,3544,2,26,291504
334,4156,3,7,341813
335,4845,2,42,360768
336,2043,1,47,387291
337,3918,5,38,185222
338,2941,4,5,192181
339,3859,5,23,280822
340,3759,3,28,207088
341,3065,4,34,193008
342,3279,4,15,192108
343,2435,1,32,482452
344,2557,3,26,195093
345,2870,2,48,349087
346,3649,1,31,163694
347,4051,1,19,284456
348,4530,5,9,262079
349,3289,5,29,294269
350,2431,5,39,493232
351,3616,1,4,466460
352,1815,2,3,295385
353,2148,4,29,173351
354,3887,5,11,351129
355,3639,2,33,444718
356,1135,3,38,365980
357,1695,5,11,411858
358,4346,4,27,53770
359,1651,3,33,355009
360,2487,3,21,103811
361,2731,4,39,316145
362,4546,5,31,110848
363,3227,1,38,102635
364,2368,4,46,70946
365,4800,4,2,145852
366,3538,4,27,403247
367,4298,3,36,355888
368,4713,2,11,167729
369,1866,1,47,220231
370,3244,5,18,335815
371,4907,5,1,197522
372,4173,2,35,458124
373,4769,4,35,487574
374,3346,1,31,492263
375,1553,5,28,478734
376,2882,5,39,369957
377,3574,4,1,146748
378,3696,2,25,289292
379,4985,1,43,450022
380,1575,2,38,154733
381,2425,2,20,484107
382,3869,1,3,176865
383,1217,1,2,395695
384,914,5,18,441479
385,1416,5,44,351364
386,4774,1,10,329302
387,4067,3,5,393136
388,1625,5,9,470804
389,2316,3,2,112576
390,3946,1,34,400171
391,1212,5,38,205260
392,1528,2,31,273687
393,4148,1,10,370974
394,3608,4,12,185091
395,1475,3,36,62419
396,4265,1,21,83697
397,3304,1,49,397076
398,3767,5,47,431856
399,3586,5,6,145428
400,1922,5,48,189045
401,4879,4,49,289073
402,2371,5,3,136649
403,2943,1,10,434793
404,2487,5,5,323280
405,4932,2,46,396883
406,4651,5,26,374646
407,4240,4,21,212357
408,4566,2,45,335183
409,3126,1,26,378864
410,3714,1,38,173168
411,4752,3,44,138263
412,1395,2,26,109155
413,1528,3,8,66911
414,2165,2,5,50916
415,1498,2,15,371196
416,1195,4,16,282695
417,4971,3,1,329934
418,3302,4,16,448422
419,2619,2,37,171937
420,1517,1,3,135053
421,3582,2,47,362094
422,4377,4,31,428355
423,943,3,13,368505
424,3940,3,16,373595
425,3738,4,43,349840
426,4436,3,21,152395
427,4022,5,2,436265
428,1967,1,27,358872
429,3416,1,38,367545
430,1862,1,26,247298
431,2956,3,38,75103
432,3782,3,46,477479
433,4094,2,25,307777
434,1956,2,11,362188
435,1532,1,8,107730
436,1753,5,8,75825
437,3339,2,33,257328
438,4124,2,7,87271
439,4101,3,38,127256
440,2342,5,21,489948
441,1991,1,8,116433
442,3793,2,21,263702
443,3481,5,20,151999
444,2017,5,8,282062
445,2340,1,46,73572
446,4036,5,31,88546
447,3186,5,29,458366
448,4519,5,48,366309
449,2188,2,9,375834
450,2656,1,15,496880
451,2165,5,30,256271
452,1299,5,26,86948
453,2480,2,10,480246
454,1310,1,29,339151
455,2124,3,16,150819
456,1955,2,36,403351
457,2627,1,20,388916
458,3941,5,45,72024
459,4286,1,37,293480
460,2610,1,22,482600
461,3723,1,7,132912
462,3014,3,23,305233
463,4986,1,41,283746
464,1513,3,40,461373
465,4402,5,29,311139
466,4934,3,16,397625
467,4322,5,38,400697
468,2043,5,28,182828
469,4509,3,48,281749
470,1881,2,38,152488
471,1255,4,31,146741
472,1694,1,14,239123
473,2184,4,33,281773
474,2758,1,9,390354
475,3872,1,27,224166
476,2796,5,24,268961
477,1304,1,13,447751
478,2014,1,26,499251
479,2331,3,29,97367
480,4240,4,49,288544
481,1623,3,43,460334
482,1728,1,28,109884
483,933,5,28,194352
484,2905,3,8,457962
485,4427,3,23,414716
486,2652,2,29,103251
487,4975,1,5,134821
488,3733,5,42,133583
489,4084,3,7,294697
490,3611,3,42,60207
491,2050,5,36,252199
492,4312,1,41,77757
493,2056,2,27,459442
494,4176,3,46,470422
495,4286,2,2,201328
496,4384,4,25,345966
497,2196,1,9,312070
498,4437,4,27,91340
499,4130,4,1,292955
500,3503,4,23,495450
501,1270,1,10,355495
502,2153,1,42,418455
503,3583,5,25,491887
504,3631,2,3,125320
505,1157,2,6,414709
506,3819,5,6,478373
507,1467,5,2,332081
508,1945,4,18,497506
509,4985,5,23,489923
510,4519,3,2,323363
511,3545,2,12,59399
512,1339,5,22,176733
513,3579,3,37,279920
514,4936,3,20,470873
515,4575,3,39,332191
516,3308,3,24,281615
517,3579,4,48,135693
518,1724,3,20,150931
519,3756,4,1,225963
520,2381,4,1,187852
521,4124,3,17,339194
522,1055,2,1,123551
523,2638,3,45,380810
524,2744,3,30,274691
525,809,3,41,132016
526,3671,2,47,163135
527,1597,1,3,103010
528,1815,1,46,282084
529,2624,4,11,88165
530,3936,4,24,323672
531,2993,2,22,432984
532,1023,5,44,230680
533,4958,1,45,449130
534,4725,4,26,87136
535,4800,1,13,454395
536,2433,2,1,398152
537,2952,2,24,62076
538,1310,5,10,436055
539,1184,5,35,205855
540,1204,2,24,428769
541,2800,4,28,227788
542,3556,1,36,100298
543,2468,3,16,366448
544,2260,5,40,391504
545,4436,3,16,119835
546,3524,4,17,162424
547,4978,5,15,189190
548,2848,3,16,304394
549,4946,4,15,369055
550,1516,1,34,153088
551,2623,4,11,65185
552,2881,5,1,485008
553,4219,2,15,100613
554,2374,1,26,291084
555,1049,3,4,214999
556,1473,5,43,312530
557,2965,2,5,342164
558,1570,4,35,92678
559,4762,2,13,267767
560,2784,5,10,111394
561,1877,5,11,250017
562,1035,2,18,165377
563,1188,4,34,171716
564,3837,2,39,237486
565,2648,5,41,498032
566,3614,5,42,105918
567,4174,3,23,292556
568,4078,3,7,427784
569,2052,1,39,210527
570,4781,5,3,416590
571,2922,3,12,219807
572,2950,2,7,144702
573,2129,4,49,155509
574,2158,2,26,405752
575,3282,4,33,164310
576,2817,3,37,455325
577,2131,1,48,357946
578,2158,2,15,249092
579,3977,2,2,84622
580,2928,2,41,159935
581,2980,4,7,310440
582,937,3,32,167919
583,4272,2,4,445813
584,3632,2,20,483813
585,4379,1,36,222026
586,3831,1,32,119519
587,4964,3,28,237187
588,3393,3,13,486367
589,4618,5,1,306587
590,4938,1,35,198112
591,4623,5,48,94772
592,4842,4,30,172431
593,2706,5,36,408234
594,1560,2,25,244904
595,4245,5,16,208988
596,1699,3,19,357015
597,3747,4,1,338516
598,2519,2,5,89080
599,1080,5,22,156242
600,4066,4,24,354866
601,2687,4,43,79048
602,4066,2,45,135205
603,1466,5,37,452993
604,4988,4,36,366855
605,1471,4,36,217403
606,2769,1,4,306392
607,4956,4,36,70968
608,3922,1,18,497185
609,4700,5,16,284417
610,1323,5,41,61292
611,3193,5,18,301942
612,3917,3,22,484010
613,3393,5,2,391603
614,2768,4,21,299004
615,2553,2,36,362336
616,3096,1,44,470919
617,3061,3,39,134193
618,3086,5,47,119165
619,3678,5,39,379794
620,4943,2,29,499732
621,4444,2,26,442002
622,2855,3,21,151398
623,2076,1,17,272182
624,3566,5,16,410029
625,1102,3,31,203329
626,1438,4,9,150588
627,855,4,31,415500
628,1325,3,14,302822
629,4923,5,49,395653
630,2925,3,37,272345
631,4087,5,2,363816
632,1164,2,48,258655
633,2446,3,46,334257
634,1718,5,14,312838
635,3597,3,33,65588
636,2331,3,35,242828
637,4145,5,39,292431
638,2706,5,47,295456
639,3886,1,20,242214
640,2875,3,2,114373
641,1513,4,41,397747
642,1862,3,19,56704
643,2776,3,37,90136
644,2096,5,18,117507
645,925,3,16,97361
646,4396,3,4,370991
647,4083,4,12,418503
648,2403,5,29,192513
649,866,3,7,431050
650,1032,2,14,64677
651,2956,1,12,339962
652,1969,4,35,314012
653,2958,3,5,133591
654,2293,2,17,436106
655,4807,3,42,379408
656,3272,3,32,123168
657,3460,5,10,193115
658,3539,5,43,121939
659,2561,5,17,327876
660,4314,2,5,367388
661,2775,3,45,461742
662,3162,1,42,321484
663,1676,4,9,285560
664,4612,5,49,334538
665,4248,5,33,410701
666,2112,3,36,185174
667,2260,3,36,69159
668,3509,2,18,172366
669,3124,2,9,246164
670,2533,5,29,318356
671,2405,3,14,349549
672,3363,1,25,442776
673,4221,4,15,389205
674,4317,3,6,406440
675,3197,3,42,367330
676,4535,2,29,487455
677,3670,4,15,291876
678,1960,5,29,274065
679,1042,3,4,435289
680,3390,5,18,60532
681,1863,3,49,260126
682,3395,5,44,266351
683,1719,4,39,378684
684,805,2,16,153021
685,1267,4,11,315415
686,4970,1,14,488698
687,803,2,3,50209
688,1445,4,42,272071
689,917,1,38,186611
690,3728,3,45,332121
691,3351,3,42,255214
692,1646,5,18,159920
693,3562,2,20,440300
694,1941,3,48,411732
695,2610,2,25,380828
696,1523,3,38,280144
697,1024,5,13,436006
698,2848,4,4,317751
699,2373,5,14,266194
700,2628,1,33,406930
701,2717,3,28,438550
702,2826,1,37,233011
703,4544,1,8,199666
704,1701,2,44,57399
705,2839,3,34,176812
706,809,1,44,468333
707,1060,4,5,148662
708,2473,1,5,345761
709,3019,4,31,188570
710,2860,2,45,414970
711,4513,1,9,298304
712,2419,5,42,441995
713,1120,2,32,423221
714,2142,4,33,362768
715,3176,2,3,321772
716,3632,1,30,443545
717,3624,3,12,350763
718,2794,3,29,57032
719,3758,4,3,229166
720,2838,4,26,350178
721,4290,3,30,152658
722,4477,4,9,433267
723,1918,2,26,398302
724,2404,5,2,105264
725,4827,5,3,144120
726,1035,2,46,97850
727,2769,5,4,54722
728,2708,1,25,329916
729,1175,2,13,398249
730,4330,4,39,484895
731,3435,2,44,54576
732,2370,3,35,207779
733,3360,4,23,411548
734,4191,3,9,484848
735,3765,4,2,91476
736,4443,5,41,298292
737,4650,2,44,473501
738,1672,1,31,336298
739,2052,4,44,463270
740,2114,4,47,329309
741,3698,3,2,64439
742,877,5,32,430355
743,3421,3,18,94518
744,1400,3,13,269123
745,1865,5,46,76962
746,2936,1,5,497150
747,3249,3,42,289157
748,3143,3,44,349907
749,2663,4,10,166189
750,2118,5,43,160290
751,4397,2,25,422958
752,4562,1,34,331608
753,2990,1,37,485252
754,1792,5,30,173980
755,3512,4,7,277021
756,2992,4,6,214342
757,2048,5,3,92299
758,3854,4,13,266877
759,4833,1,3,81541
760,2797,1,26,385689
761,4487,2,24,273070
762,2951,5,6,179188
763,4818,3,43,258150
764,3910,3,49,341909
765,2770,2,42,335913
766,997,2,12,269073
767,3426,4,49,70156
768,2002,2,36,266908
769,2835,2,2,493697
770,1277,3,11,194507
771,2054,4,39,250722
772,1722,2,34,227408
773,1219,2,26,479351
774,3004,4,18,123631
775,3397,5,21,350053
776,1920,4,36,119487
777,3868,3,40,464684
778,1750,5,46,359799
779,3136,1,44,477557
780,3043,4,22,292735
781,3445,3,30,245254
782,2657,5,43,101786
783,2665,4,30,118304
784,3712,2,8,415750
785,3653,4,34,227586
786,4028,1,47,170938
787,4519,4,9,477195
788,4028,5,20,393125
789,3171,5,40,105107
790,3691,4,25,295191
791,4556,5,19,182232
792,894,2,5,400041
793,3474,4,11,122577
794,2755,2,15,265375
795,1593,2,8,454062
796,2634,3,19,310933
797,2916,4,23,154180
798,4906,5,27,332068
799,4125,2,40,423337
800,3719,3,32,194954
801,3397,4,26,261346
802,4005,4,27,51095
803,1614,1,19,416349
804,1145,1,42,222055
805,3149,2,29,64123
806,1162,1,39,247687
807,3243,2,41,357422
808,3065,5,33,410055
809,2988,2,19,101999
810,3805,1,37,343297
811,4081,5,19,330488
812,1784,1,33,280849
813,2439,2,47,87656
814,1627,3,16,251587
815,3530,4,23,310587
816,4331,1,7,313356
817,3735,2,26,170385
818,4676,5,32,190073
819,926,1,12,128784
820,3977,1,8,410867
821,3856,4,5,393288
822,1403,2,42,479643
823,4249,3,28,81368
824,4946,5,5,251891
825,4333,2,49,111160
826,4167,5,26,206926
827,4168,1,5,322859
828,4597,4,22,108784
829,2592,4,15,441337
830,3661,3,13,411788
831,4276,4,28,76797
832,4217,1,33,359717
833,2445,3,43,388264
834,2005,2,23,64780
835,3830,4,33,87905
836,3672,3,43,464789
837,3872,1,18,166049
838,2654,5,30,179651
839,4821,5,26,83359
840,3508,1,16,378206
841,4302,1,13,123391
842,2132,5,39,355607
843,1001,3,33,149596
844,4307,5,26,297414
845,1374,1,48,407162
846,1336,4,1,328715
847,2425,2,49,200214
848,2922,4,38,337248
849,1185,4,2,58625
850,4081,1,49,351343
851,1274,5,6,432869
852,1217,3,46,459142
853,4400,4,38,343362
854,1754,5,42,225544
855,2005,3,24,404060
856,4920,4,18,173182
857,2790,3,27,70566
858,4372,5,41,499341
859,4958,2,8,83205
860,3513,5,28,159084
861,3003,1,10,79717
862,3920,3,17,231056
863,1766,2,29,419436
864,4232,3,6,468351
865,1488,3,14,209236
866,4501,4,22,350706
867,1141,1,6,70169
868,2524,3,26,333748
869,2592,5,39,401814
870,2559,5,12,426749
871,4012,4,35,400882
872,1789,1,14,443900
873,3062,1,22,178140
874,3282,5,23,152537
875,1751,2,48,296337
876,1522,4,7,161301
877,4189,4,40,320151
878,2879,5,25,427059
879,3517,5,13,281704
880,3132,2,21,167419
881,4176,2,41,353931
882,2300,1,10,361726
883,1085,4,9,255863
884,4295,4,15,278870
885,2865,5,2,395773
886,1568,1,25,317926
887,3857,4,13,116770
888,2961,1,34,107645
889,4093,1,34,153509
890,1746,5,35,280796
891,4135,1,38,475212
892,4950,2,3,341348
893,2281,2,42,67152
894,2701,3,6,498402
895,4251,5,48,288972
896,4864,3,49,402699
897,854,2,19,266096
898,2623,3,3,283731
899,4262,5,18,331833
900,3879,5,39,231762
901,1632,1,9,395395
902,3606,4,12,238392
903,3290,1,5,237163
904,1127,5,3,418709
905,4110,2,11,465158
906,4100,2,30,88712
907,4475,1,4,307387
908,3854,5,5,286502
909,2943,2,1,246349
910,2111,5,27,361776
911,3991,2,28,481247
912,3338,5,29,70478
913,4783,3,18,72551
914,964,5,12,98068
915,1622,5,13,143608
916,1743,1,41,85561
917,1574,3,2,183964
918,2998,4,37,336539
919,3956,1,45,68756
920,4495,4,16,297652
921,4252,2,48,477867
922,1714,4,24,301227
923,2108,5,35,378477
924,4977,4,22,230378
925,1313,1,36,202418
926,2720,1,11,425705
927,4394,4,46,340168
928,2209,1,29,276022
929,3990,1,35,484034
930,2355,4,48,55947
931,1604,3,15,177192
932,2079,3,31,307591
933,4377,2,42,406382
934,3701,1,41,379572
935,2187,4,43,472970
936,3561,1,16,375499
937,3479,5,10,442102
938,2906,1,49,308492
939,3568,1,32,288826
940,4753,3,2,194490
941,3986,4,24,276494
942,4080,1,23,281391
943,3373,3,2,236256
944,3399,2,38,448049
945,4833,3,31,295318
946,1036,3,40,222905
947,2104,3,26,443781
948,4230,1,29,483396
949,2101,1,3,68402
950,3341,2,14,223917
951,2851,5,25,125851
952,1241,5,48,62834
953,2876,5,1,117850
954,3980,2,3,87180
955,3457,5,26,447099
956,4598,5,18,159688
957,1604,3,9,256659
958,874,1,38,418664
959,2975,1,23,323839
960,4724,3,21,177135
961,2889,3,1,204195
962,840,3,21,108481
963,2881,1,27,123438
964,2422,5,42,161491
965,1141,3,6,460789
966,4852,2,44,171844
967,2874,3,36,407054
968,1445,4,28,106494
969,1409,3,45,455504
970,1254,1,17,359122
971,3753,3,40,429989
972,2508,4,3,442765
973,4272,2,12,257167
974,3769,5,39,104672
975,3828,3,12,111821
976,3481,4,2,395805
977,4429,4,46,119224
978,3867,2,22,401549
979,2186,1,23,284745
980,4576,3,30,104796
981,3666,4,5,487922
982,4163,2,9,178554
983,4924,5,21,435921
984,948,4,11,316167
985,4650,2,5,295358
986,2858,1,35,263708
987,1936,1,27,217807
988,986,4,49,385103
989,3654,4,2,89218
990,2050,3,24,455429
991,2133,2,31,279766
992,4993,4,33,340604
993,4950,3,39,436723
994,3511,3,30,376824
995,2585,4,46,81017
996,1550,1,37,404182
997,2562,2,28,474206
998,4720,2,31,69515
999,1281,1,11,473207
1000,953,4,23,450850
1001,2324,2,2,258106
1002,2920,4,40,472593
1003,3143,4,41,345145
1004,2040,3,27,51391
1005,860,1,35,246278
1006,1738,4,2,159388
1007,2439,5,39,354359
1008,4920,1,37,129720
1009,4369,2,21,339258
1010,2052,3,5,192954
1011,971,2,45,425286
1012,2258,2,21,198345
1013,4349,1,29,418350
1014,4997,2,20,95647
1015,3122,4,38,245964
1016,2436,2,20,92679
1017,3915,3,25,312571
1018,4890,3,2,278024
1019,3804,5,32,441813
1020,1129,3,26,116267
1021,4440,2,6,50799
1022,4694,3,41,367803
1023,4907,1,3,57025
1024,2141,3,33,64481
1025,4463,4,1,337555
1026,1015,1,5,277966
1027,1138,5,13,155928
1028,4862,4,19,173014
1029,3508,2,12,458177
1030,3952,2,48,464983
1031,2550,2,25,101690
1032,3221,4,35,102870
1033,1509,4,12,217207
1034,4526,4,30,136928
1035,4442,1,5,259870
1036,4793,1,34,120765
1037,1288,2,22,335916
1038,846,3,39,442561
1039,4159,2,13,330943
1040,1200,5,47,424195
1041,4790,1,3,179941
1042,3957,4,20,73555
1043,1190,1,31,404296
1044,4653,4,5,439363
1045,1428,5,24,462549
1046,3730,5,40,447477
1047,2321,1,33,431977
1048,1626,4,8,381146
1049,2300,5,24,358697
1050,4094,2,20,315232
1051,3219,2,16,95783
1052,1734,4,12,51115
1053,3842,1,13,249198
1054,2266,5,45,122908
1055,4361,1,42,119109
1056,1414,2,39,315122
1057,1982,5,25,421087
1058,4023,1,46,59422
1059,3467,3,32,224698
1060,930,4,24,139233
1061,3783,4,48,368318
1062,838,3,47,87743
1063,4759,2,44,251533
1064,4387,5,9,442432
1065,1720,4,40,179000
1066,3569,3,23,434922
1067,4911,3,13,79430
1068,1292,2,32,78834
1069,1931,2,15,74435
1070,4321,1,36,137212
1071,1110,4,49,105797
1072,1538,1,5,486770
1073,4041,3,22,104555
1074,1345,5,16,135350
1075,3261,5,41,64716
1076,2604,2,10,110261
1077,4012,5,24,470744
1078,4610,5,18,314139
1079,1613,5,49,72414
1080,4924,3,18,194916
1081,2832,5,7,217731
1082,1044,5,4,65522
1083,1071,5,26,441776
1084,4311,1,5,386178
1085,2571,3,16,354466
1086,2062,2,35,379782
1087,3224,1,26,413478
1088,1720,4,18,189596
1089,4230,3,29,80846
1090,3424,3,23,385787
1091,4560,4,14,164930
1092,2850,4,15,490919
1093,4300,4,49,336543
1094,1965,2,33,256232
1095,1175,5,25,273734
1096,2833,3,21,269739
1097,945,5,17,173182
1098,1231,5,23,98591
1099,1504,4,43,201786
1100,3432,2,17,348021
1101,1763,1,14,134106
1102,3034,2,29,128018
1103,2841,5,20,411998
1104,2628,2,30,214486
1105,2908,4,19,170832
1106,4868,1,39,136576
1107,1738,4,13,260015
1108,1606,1,18,304664
1109,2263,5,23,226540
1110,4215,1,46,260774
1111,810,1,33,253180
1112,2668,1,39,142508
1113,1684,2,40,358979
1114,4364,2,18,244405
1115,2189,5,9,92464
1116,4201,1,33,424598
1117,1624,3,32,203995
1118,3065,5,17,166062
1119,1736,1,19,379589
1120,3600,1,27,422598
1121,3353,2,6,434050
1122,4645,5,35,148384
1123,2596,1,37,248691
1124,853,1,34,227218
1125,1526,5,20,372176
1126,3536,3,25,425665
1127,3970,5,4,428522
1128,2713,5,10,67140
1129,2396,3,10,314814
1130,2714,5,24,348663
1131,3266,1,21,94512
1132,3537,5,11,153565
1133,1649,3,27,195763
1134,2909,4,16,417300
1135,802,5,26,215334
1136,4869,2,30,235964
1137,1692,1,49,75595
1138,2830,1,16,238279
1139,3960,2,7,296661
1140,3176,2,16,214512
1141,2733,5,35,320774
1142,2180,2,16,474466
1143,4481,4,40,310300
1144,2090,3,12,289644
1145,2440,2,35,279820
1146,3482,2,49,419605
1147,1787,4,21,258590
1148,2018,1,43,124191
1149,2155,1,36,150591
1150,4935,5,48,113753
1151,2360,4,17,110520
1152,2218,3,32,316152
1153,1754,3,41,487680
1154,1783,4,6,419552
1155,1774,3,24,312640
1156,4933,1,27,411911
1157,4772,3,20,335356
1158,1713,3,25,332781
1159,836,4,2,357371
1160,4187,4,9,431897
1161,2511,3,28,170118
1162,3820,2,38,264418
1163,1595,4,3,322028
1164,4836,5,20,166481
1165,3911,5,6,118259
1166,2124,1,39,99810
1167,1117,3,33,179926
1168,3196,2,1,54761
1169,2962,1,37,308414
1170,3545,3,6,66375
1171,2391,4,45,288117
1172,3911,5,34,468434
1173,4730,2,47,211637
1174,2796,5,15,152654
1175,2112,4,45,345119
1176,2085,3,26,208145
1177,3183,4,14,250798
1178,4039,4,7,182955
1179,2939,5,46,230701
1180,2504,2,31,245242
1181,1162,4,24,124489
1182,3404,5,31,58381
1183,2516,2,29,466454
1184,4538,3,42,194867
1185,3269,3,32,112999
1186,1356,1,17,362051
1187,1625,5,14,452854
1188,3608,2,40,382611
1189,3519,4,36,354767
1190,4308,3,48,219564
1191,4541,2,24,469627
1192,2374,5,45,422868
1193,4798,1,27,201606
1194,2929,3,25,472397
1195,3203,2,32,415213
1196,4129,2,18,69996
1197,1388,2,46,253161
1198,2812,5,18,155682
1199,2347,5,37,395753
1200,1094,5,26,210477
1201,2785,4,9,413634
1202,3917,2,35,307972
1203,2490,3,8,121325
1204,1936,5,20,78930
1205,2864,5,42,426570
1206,1807,2,22,67529
1207,3314,5,19,103546
1208,4326,4,30,320086
1209,2047,4,28,319692
1210,4702,5,35,427392
1211,2235,2,43,461512
1212,1371,2,11,232088
1213,3182,2,31,147780
1214,2045,1,49,312440
1215,2884,5,48,117945
1216,1077,2,39,109980
1217,2687,4,36,368926
1218,2065,3,30,215301
1219,1840,3,23,146382
1220,1717,2,19,103444
1221,1685,3,12,347180
1222,3552,3,15,310186
1223,821,1,31,351466
1224,3991,4,43,208239
1225,3153,4,37,363811
1226,1486,1,37,144527
1227,1084,1,15,133337
1228,4547,3,29,363612
1229,1562,5,43,122894
1230,3228,3,26,496300
1231,3307,1,44,113138
1232,828,4,2,334732
1233,1706,3,20,375045
1234,3904,5,15,460887
1235,4799,3,4,133038
1236,3794,2,22,474861
1237,3306,3,38,188709
1238,4409,1,23,443876
1239,4353,4,26,419355
1240,2253,4,11,319066
1241,4156,1,28,143697
1242,1315,2,2,225793
1243,838,1,8,302097
1244,4142,3,29,429361
1245,1686,1,11,381650
1246,3644,1,37,250015
1247,3004,2,18,174338
1248,1898,3,14,77843
1249,2623,5,10,190118
1250,4001,5,35,415208
1251,3955,4,9,277997
1252,3893,1,35,176417
1253,4330,4,11,166585
1254,4578,2,44,80346
1255,3696,5,12,269356
1256,4253,1,3,435296
1257,4311,2,39,423913
1258,1788,2,14,152391
1259,4916,1,28,496742
1260,4826,2,11,385287
1261,4979,1,39,348931
1262,2482,1,25,345727
1263,4763,3,21,193635
1264,1733,4,10,227132
1265,4398,2,43,310609
1266,4033,2,15,171943
1267,2780,3,19,295534
1268,2655,3,48,214762
1269,3856,3,22,423377
1270,1592,5,21,275784
1271,1591,5,44,64925
1272,2609,5,32,267859
1273,3055,1,23,133184
1274,4410,2,13,463324
1275,2407,4,5,126515
1276,1784,1,4,249330
1277,4476,2,28,186427
1278,4180,2,14,358213
1279,1319,3,8,275407
1280,1390,3,9,150854
1281,1850,1,35,366615
1282,4433,3,37,344849
1283,1759,2,21,224981
1284,1492,3,18,269678
1285,4699,5,33,178501
1286,3746,3,8,166361
1287,1326,2,49,234811
1288,4024,1,17,257892
1289,3053,4,43,137273
1290,4144,3,31,335385
1291,4765,2,34,470630
1292,2675,4,6,100818
1293,2563,4,22,201967
1294,1320,5,14,404451
1295,1816,4,3,243481
1296,916,2,12,498540
1297,3233,2,36,379064
1298,1383,3,12,496771
1299,1194,3,45,168642
1300,4588,3,2,377597
1301,3568,4,2,334833
1302,4967,4,15,245428
1303,4660,5,23,274083
1304,1073,3,29,451468
1305,2813,1,17,342988
1306,2189,5,32,145687
1307,4366,1,7,335509
1308,965,4,30,187098
1309,2367,5,28,410447
1310,1528,5,14,340667
1311,2843,2,44,191554
1312,4997,4,30,162105
1313,4296,4,17,361032
1314,1578,5,32,163884
1315,1013,4,46,156968
1316,4562,5,6,362254
1317,2376,2,24,271716
1318,3248,5,6,443709
1319,3736,4,27,499410
1320,3917,4,18,132001
1321,1391,5,24,89767
1322,3520,5,37,79550
1323,1513,5,24,194905
1324,1735,3,38,184042
1325,801,4,34,148315
1326,3648,4,40,145494
1327,4844,3,47,177424
1328,2749,5,15,425999
1329,1717,2,11,132681
1330,3974,5,22,413633
1331,3041,5,24,230249
1332,889,3,1,442690
1333,2509,4,18,302411
1334,2969,5,44,242573
1335,3841,4,12,78900
1336,905,1,43,64126
1337,1686,4,28,161198
1338,1227,2,40,251762
1339,2695,2,7,268816
1340,1116,5,23,391447
1341,1434,4,21,266651
1342,2725,5,34,491210
1343,2856,3,11,379205
1344,3944,2,22,66978
1345,3070,5,42,106344
1346,2239,3,35,358792
1347,1352,5,29,313199
1348,1515,4,42,125582
1349,4711,4,28,282459
1350,2513,4,18,131214
1351,4189,4,14,488092
1352,1907,1,18,273232
1353,1050,3,28,420098
1354,3230,3,24,88725
1355,2854,4,8,448471
1356,1258,1,42,365524
1357,1007,4,45,295720
1358,1699,1,8,103333
1359,4261,4,4,354603
1360,4185,2,27,428662
1361,821,2,36,311910
1362,1209,5,5,348307
1363,1694,4,33,215043
1364,1314,3,49,246221
1365,4909,5,34,396874
1366,2934,2,30,331620
1367,4395,4,8,380724
1368,3756,5,39,301831
1369,2360,4,47,417720
1370,2066,2,26,398737
1371,2969,5,37,250122
1372,4438,2,34,256598
1373,1549,1,7,421215
1374,4227,2,40,164832
1375,2727,4,28,450723
1376,4604,3,39,193190
1377,4502,2,39,231601
1378,3156,3,28,118682
1379,3135,1,14,273009
1380,1106,5,38,497392
1381,4465,5,4,296553
1382,2789,3,42,403857
1383,1461,5,18,416204
1384,1111,2,44,185486
1385,3720,3,48,133030
1386,1882,4,25,170360
1387,3771,2,7,398117
1388,1554,2,38,185009
1389,4930,2,28,348875
1390,1152,4,5,219737
1391,1702,1,3,460716
1392,4688,5,44,164360
1393,958,3,31,313894
1394,2777,1,47,115018
1395,1756,3,42,447243
1396,2871,5,20,290904
1397,1203,4,19,186817
1398,3579,2,48,242803
1399,2187,2,11,136984
1400,4253,4,40,420127
1401,1755,1,3,340595
1402,2512,1,23,405887
1403,2073,3,7,383618
1404,4611,4,23,242608
1405,3425,1,7,62150
1406,3182,4,46,325550
1407,2241,5,34,200853
1408,3779,2,42,238489
1409,2597,2,19,428191
1410,4809,2,9,436115
1411,2194,4,48,415301
1412,2069,4,18,68325
1413,4514,3,41,249756
1414,1329,2,48,406559
1415,4423,3,45,254541
1416,3758,2,42,452652
1417,3714,3,25,67669
1418,4391,3,14,439529
1419,2947,5,44,384154
1420,4169,3,25,257836
1421,1739,4,19,182915
1422,1325,3,39,246681
1423,801,2,15,100812
1424,1174,3,16,328203
1425,3140,1,27,398413
1426,4805,2,40,302862
1427,3852,1,10,221840
1428,3165,2,4,75395
1429,2325,4,19,332346
1430,2446,4,28,456489
1431,813,4,21,492105
1432,3078,1,47,279707
1433,3955,5,14,297181
1434,929,2,33,254120
1435,4614,4,48,274839
1436,4016,2,10,269882
1437,3738,1,19,153235
1438,4728,5,30,95510
1439,2840,1,22,137945
1440,827,2,3,292802
1441,2913,5,37,300168
1442,2052,5,41,382793
1443,2846,1,18,418867
1444,4823,4,11,52881
1445,4174,2,48,358057
1446,4266,3,2,161860
1447,3881,3,12,396929
1448,4578,1,6,374601
1449,1429,2,43,216415
1450,1069,2,40,189728
1451,3439,1,44,317885
1452,2793,2,29,197733
1453,3691,4,30,409235
1454,4232,1,2,340834
1455,2080,4,9,344977
1456,3160,2,47,152566
1457,1375,1,2,121240
1458,2107,2,29,156898
1459,3992,1,33,389855
1460,3978,2,10,259304
1461,3534,4,34,351167
1462,3012,4,44,352353
1463,3152,2,8,405734
1464,4368,1,37,398756
1465,2455,3,33,130522
1466,2379,4,47,423798
1467,3003,4,6,195512
1468,2190,3,44,169107
1469,2542,2,40,451176
1470,2725,1,45,72462
1471,1419,2,19,329965
1472,2074,5,32,470474
1473,1756,4,27,142889
1474,2739,5,1,138952
1475,4753,4,43,243596
1476,3181,4,33,465331
1477,1768,5,40,430210
1478,2116,5,32,227505
1479,1843,2,5,271576
1480,1081,5,17,269393
1481,3644,2,8,391508
1482,1858,2,42,382221
1483,3332,2,34,352788
1484,4628,4,9,374787
1485,1808,4,23,325455
1486,2029,5,35,304084
1487,1835,4,7,179466
1488,1075,5,15,80531
1489,3540,4,20,64588
1490,3089,1,25,361560
1491,2039,1,3,193452
1492,925,5,46,223717
1493,4865,4,24,461034
1494,4668,4,34,211929
1495,2008,2,46,71711
1496,4049,3,22,186169
1497,1718,5,11,428492
1498,4723,3,48,209465
1499,2769,3,8,334220
1500,3593,5,39,396418
1501,1691,4,43,369753
1502,2833,5,35,210389
1503,2164,3,49,108480
1504,928,4,46,319188
1505,1814,1,38,300309
1506,2599,5,8,105486
1507,2318,5,37,105162
1508,4981,4,27,260359
1509,1998,1,28,79882
1510,4673,1,40,104078
1511,3274,4,34,370878
1512,4285,2,32,288680
1513,4849,5,15,158730
1514,4519,5,44,224898
1515,1102,3,17,400129
1516,4752,4,33,356172
1517,1786,3,47,494547
1518,2663,3,46,148938
1519,3872,1,16,168319
1520,3924,5,29,82543
1521,2127,3,9,174279
1522,3208,1,33,79362
1523,4473,4,49,470531
1524,4091,3,29,208818
1525,4833,5,13,453273
1526,1503,3,21,292721
1527,1374,4,21,355059
1528,4032,3,5,464277
1529,3432,5,10,363514
1530,4628,1,6,215229
1531,4030,5,13,423519
1532,1288,1,1,192394
1533,2147,2,20,119812
1534,4481,5,47,346161
1535,3973,5,46,368936
1536,2467,4,8,470958
1537,2437,3,10,278208
1538,4914,1,9,441342
1539,4353,1,49,329773
1540,1800,4,41,178614
1541,1650,4,3,451461
1542,2188,3,11,146950
1543,4512,3,12,224942
1544,2167,5,10,114829
1545,1621,2,25,295602
1546,1254,3,49,60588
1547,2424,4,49,443658
1548,3572,3,25,417424
1549,4526,1,11,352865
1550,3947,2,36,218217
1551,4889,5,39,322743
1552,2990,1,26,384738
1553,1716,1,14,258502
1554,4786,2,39,184011
1555,3675,5,40,302856
1556,2240,4,1,334293
1557,1535,5,4,439760
1558,4368,3,30,247639
1559,4138,1,12,191280
1560,3815,3,35,247170
1561,3689,4,13,421178
1562,1761,3,31,230564
1563,3789,5,38,70951
1564,4648,3,43,229992
1565,1826,4,23,96766
1566,4665,4,4,369158
1567,3663,4,16,209423
1568,3301,5,7,492602
1569,2747,4,22,137122
1570,1977,1,29,321452
1571,811,4,11,371396
1572,4164,3,33,133211
1573,3822,3,29,471280
1574,4171,3,39,497095
1575,3630,5,12,176534
1576,842,3,7,58720
1577,1743,5,39,438348
1578,3190,5,42,486156
1579,3345,4,48,129993
1580,3211,1,26,359257
1581,1804,4,40,361070
1582,820,4,9,481419
1583,1206,5,41,269973
1584,1814,5,34,448608
1585,2638,3,45,75905
1586,3988,3,13,254580
1587,1514,4,36,100385
1588,4946,2,25,80653
1589,4654,2,24,141865
1590,940,3,44,175813
1591,1763,2,17,195871
1592,1172,3,2,241175
1593,4435,5,13,298535
1594,3341,4,31,65052
1595,4410,1,29,187116
1596,2492,4,28,200943
1597,905,3,27,270375
1598,2481,3,15,463450
1599,4897,4,31,71381
1600,4816,3,40,198346
1601,3436,2,15,293234
1602,2937,2,33,306017
1603,4216,3,20,395252
1604,4330,3,42,285020
1605,2086,2,12,99892
1606,3979,3,37,231593
1607,4454,3,9,403645
1608,3159,4,23,264992
1609,1244,1,8,395535
1610,835,2,32,330064
1611,2275,4,48,328846
1612,4757,1,14,306216
1613,2598,3,27,314038
1614,2645,3,25,343129
1615,2208,4,13,209359
1616,2508,3,21,308771
1617,3738,5,45,175702
1618,2100,4,31,123527
1619,2043,1,37,196511
1620,4776,4,48,440820
1621,3897,2,43,275692
1622,809,4,5,354379
1623,3225,3,13,208731
1624,2460,3,28,337120
1625,3431,5,43,285311
1626,1872,5,25,394787
1627,4025,5,35,248937
1628,2116,1,47,419775
1629,4945,5,39,249378
1630,4483,1,7,106697
1631,4073,5,38,120382
1632,945,1,32,328795
1633,3840,4,3,230116
1634,2262,4,45,64633
1635,2384,3,39,129164
1636,1282,1,37,312713
1637,3979,2,22,379653
1638,2049,3,8,173425
1639,1430,4,17,413270
1640,1461,1,27,300220
1641,4303,5,33,439666
1642,3652,2,46,345182
1643,3266,4,17,230160
1644,1787,3,42,254249
1645,2346,1,12,255538
1646,1449,2,48,247865
1647,1768,1,46,350282
1648,3437,5,27,471973
1649,1900,3,48,251466
1650,1240,1,8,237223
1651,1569,4,23,422884
1652,2143,3,42,161174
1653,4529,4,49,361416
1654,4706,1,29,187980
1655,2377,3,20,454060
1656,4808,4,16,363599
1657,4151,5,17,118447
1658,3149,5,16,255599
1659,4402,1,19,389252
1660,2041,3,8,486282
1661,1925,2,38,276301
1662,3401,3,38,483220
1663,1990,5,29,350477
1664,4931,4,41,433363
1665,872,2,36,395173
1666,2714,1,26,351841
1667,3272,2,31,329778
1668,3846,1,44,437664
1669,1507,2,12,336705
1670,2604,1,17,461249
1671,4513,1,15,105063
1672,3364,2,9,338065
1673,3275,2,39,69340
1674,4410,1,42,112781
1675,3623,5,48,327045
1676,2535,2,12,60638
1677,2385,3,32,481812
1678,866,4,25,267986
1679,3861,1,39,356468
1680,3228,1,18,400500
1681,4953,4,15,271668
1682,1141,5,32,344786
1683,3574,4,6,75378
1684,3617,2,44,363011
1685,3461,4,43,385830
1686,2032,1,35,355019
1687,4674,4,34,168171
1688,3201,3,38,412205
1689,2294,2,5,264801
1690,1461,4,18,114377
1691,4683,1,16,310339
1692,4419,2,8,104691
1693,2668,1,25,361207
1694,3134,5,32,141782
1695,4174,3,26,309896
1696,1816,5,22,128343
1697,1007,3,31,395215
1698,3465,4,43,448708
1699,3293,2,10,171399
1700,1432,4,12,81357
1701,2902,3,28,344458
1702,3759,3,6,491913
1703,3883,3,20,120283
1704,2731,1,5,109567
1705,4519,2,23,359150
1706,3362,4,9,287778
1707,2479,4,29,191758
1708,1036,5,16,480665
1709,2340,3,46,111606
1710,4743,3,22,331035
1711,1163,3,8,495331
1712,3168,4,20,151732
1713,1085,5,14,241791
1714,948,1,39,479939
1715,4837,2,37,342021
1716,2566,1,34,299465
1717,1812,4,11,274589
1718,3631,3,40,64026
1719,3307,2,33,332566
1720,2323,4,31,452460
1721,3585,4,44,345625
1722,3356,4,34,401324
1723,4525,2,7,159384
1724,2401,2,49,302771
1725,3208,5,23,108031
1726,1140,5,46,451737
1727,3617,1,7,444962
1728,3296,2,25,395271
1729,2525,2,3,404398
1730,2489,2,38,118232
1731,4067,5,20,193084
1732,1061,4,34,392368
1733,2242,3,49,466673
1734,1205,5,44,286503
1735,2990,2,44,342104
1736,1043,5,30,137695
1737,4907,1,17,180066
1738,1360,2,10,188982
1739,4937,1,35,314837
1740,3525,2,20,165313
1741,1393,5,18,459074
1742,2626,4,45,78810
1743,4029,3,44,70092
1744,4087,1,27,491916
1745,4873,5,49,108105
1746,933,4,36,211577
1747,3938,5,23,254300
1748,4719,1,32,340699
1749,872,3,10,121934
1750,3778,5,11,122788
1751,2785,2,38,389401
1752,1592,4,6,330083
1753,894,5,41,455041
1754,1933,4,47,205223
1755,1037,2,34,178068
1756,3746,3,36,50036
1757,3330,3,37,406092
1758,2760,2,17,395851
1759,1848,4,40,89051
1760,3329,5,40,130738
1761,3764,2,12,385740
1762,1763,1,21,110071
1763,1336,4,40,180613
1764,4479,3,19,123601
1765,4987,2,3,79873
1766,4524,3,18,217720
1767,1342,4,19,121468
1768,1645,3,47,338614
1769,4403,2,6,246201
1770,3836,4,16,58328
1771,3294,1,8,187405
1772,3519,2,48,301519
1773,2684,5,18,171173
1774,4938,2,48,96638
1775,4001,4,43,323412
1776,3510,2,39,251675
1777,2753,1,49,163920
1778,4650,1,49,422523
1779,1489,5,12,460261
1780,2750,3,45,221813
1781,1256,4,10,485986
1782,2930,4,7,57887
1783,4776,3,46,278978
1784,1979,1,1,74918
1785,4365,1,49,347641
1786,1682,2,36,405706
1787,1199,5,21,242081
1788,1408,5,37,324073
1789,2438,5,24,152201
1790,2948,2,25,260171
1791,2182,5,7,428710
1792,2203,3,42,340690
1793,1619,2,17,259496
1794,4092,3,29,218410
1795,1619,2,30,477499
1796,1219,5,7,132494
1797,4102,3,33,265859
1798,2308,3,7,358710
1799,1567,3,24,397608
1800,2844,2,11,283853
1801,2939,4,9,178279
1802,3829,5,12,131991
1803,2349,3,35,404824
1804,2564,4,4,340157
1805,3445,5,36,102132
1806,4516,5,28,305069
1807,3093,3,13,209156
1808,3508,3,23,419999
1809,1700,2,19,202215
1810,3884,4,42,141627
1811,2809,4,37,172772
1812,1041,3,39,457395
1813,3185,5,24,279415
1814,1471,3,16,191294
1815,963,5,33,309013
1816,1264,5,12,376212
1817,3842,3,34,467165
1818,3242,1,7,66116
1819,3155,4,11,232124
1820,3357,5,31,101369
1821,1345,5,29,229889
1822,4635,1,13,415244
1823,1393,2,31,283982
1824,4604,1,2,264275
1825,2259,1,39,255383
1826,4293,5,15,341799
1827,3401,4,11,238874
1828,3244,1,34,97632
1829,3472,2,39,457409
1830,816,3,4,261284
1831,3991,1,11,211848
1832,1192,1,29,486441
1833,1224,2,2,241082
1834,1371,4,16,263807
1835,4431,1,39,246523
1836,1920,1,13,229884
1837,1041,4,37,331039
1838,4697,2,17,464425
1839,4895,1,21,285892
1840,3079,4,44,263408
1841,1588,1,19,292718
1842,1514,3,7,242879
1843,3649,5,38,73086
1844,1575,3,8,135637
1845,4826,1,13,208279
1846,3047,2,37,419478
1847,878,5,2,201969
1848,4726,3,41,113083
1849,1655,4,11,145028
1850,2948,2,24,379101
1851,1831,3,6,147551
1852,4071,4,26,390650
1853,4376,1,7,188355
1854,4982,4,39,144024
1855,4256,3,19,393625
1856,4306,3,6,312399
1857,1207,1,43,257627
1858,3511,4,29,65487
1859,3888,4,43,69346
1860,2468,1,39,347194
1861,947,4,2,320888
1862,4697,1,19,467972
1863,2750,2,4,111596
1864,1165,3,6,264469
1865,2474,2,49,468362
1866,3346,5,37,431784
1867,1362,5,28,367176
1868,4362,5,30,354831
1869,3289,1,7,227175
1870,1572,4,9,203048
1871,2837,2,25,375007
1872,4223,2,33,443807
1873,3367,2,1,56277
1874,2373,2,6,374004
1875,4494,5,18,183332
1876,4091,2,10,290515
1877,2046,4,28,310577
1878,4519,5,11,246955
1879,4639,2,33,336885
1880,1159,1,1,431864
1881,3176,3,13,349355
1882,3809,3,37,290464
1883,3793,3,20,308445
1884,1762,5,1,484758
1885,4432,2,3,319013
1886,2627,5,18,399760
1887,2413,4,41,144515
1888,2440,1,14,200494
1889,3016,1,31,216685
1890,1177,3,27,238088
1891,1169,3,17,110110
1892,2996,3,46,269601
1893,4547,2,29,258994
1894,1451,4,36,346177
1895,1569,4,37,357357
1896,3221,4,26,310705
1897,1580,4,17,62938
1898,2516,3,22,180842
1899,4783,1,25,314418
1900,2111,3,2,396534
1901,4159,4,22,475031
1902,1322,3,5,200033
1903,1321,4,4,70044
1904,3120,5,36,149372
1905,1735,1,6,465191
1906,3030,5,21,326850
1907,4840,2,13,187046
1908,4497,3,37,388608
1909,3637,2,25,71213
1910,4883,3,26,51950
1911,3261,5,39,304043
1912,4043,4,20,266085
1913,4159,4,33,322555
1914,1485,3,14,440747
1915,2960,4,36,489372
1916,4788,5,17,374888
1917,4866,4,21,198843
1918,2367,5,46,347197
1919,838,2,16,298966
1920,3344,5,46,495292
1921,2056,1,16,188117
1922,3790,1,20,369767
1923,2996,1,29,79714
1924,4268,3,28,215458
1925,3508,3,8,421427
1926,1101,3,24,320706
1927,1446,5,3,367192
1928,2559,3,25,405439
1929,1397,2,19,62026
1930,1461,1,33,156147
1931,2168,5,2,81589
1932,3381,1,15,158199
1933,4668,3,22,409418
1934,4337,5,10,338988
1935,1082,4,18,466663
1936,4478,2,22,402559
1937,2286,3,46,258574
1938,4882,3,49,264340
1939,4983,2,27,104708
1940,1260,2,13,120825
1941,3125,4,33,101574
1942,4554,3,5,397692
1943,3268,3,26,462028
1944,2524,1,13,282409
1945,2176,5,27,236381
1946,3543,5,14,114230
1947,1314,1,24,484844
1948,1502,5,3,304451
1949,2453,2,47,352725
1950,2866,5,49,297174
1951,822,5,30,489844
1952,3260,1,35,269700
1953,2104,4,48,337249
1954,4100,5,14,391974
1955,1161,5,12,381301
1956,4527,4,28,475658
1957,2084,1,44,399379
1958,1314,4,29,296514
1959,1248,1,43,314491
1960,2655,2,17,276094
1961,4362,1,40,359794
1962,3320,2,49,198182
1963,3881,2,21,243242
1964,2228,1,23,448139
1965,4767,3,20,232873
1966,1722,1,11,174926
1967,3937,5,34,131147
1968,2959,5,10,360279
1969,3347,3,10,69199
1970,3779,2,43,452282
1971,3081,3,6,413727
1972,3449,5,36,233208
1973,1113,3,24,404434
1974,3413,1,12,479791
1975,3883,3,43,270868
1976,3056,2,23,170787
1977,1837,1,27,489949
1978,4289,4,45,164427
1979,3434,5,37,198063
1980,4783,5,6,203625
1981,2578,3,1,270782
1982,4695,1,6,137493
1983,1924,4,22,443850
1984,1497,1,41,324915
1985,2979,5,24,175607
1986,2204,1,25,296834
1987,1843,4,15,461514
1988,2729,3,26,129876
1989,1813,2,8,217071
1990,1026,1,24,252959
1991,2628,2,48,371792
1992,2823,5,38,293722
1993,3252,3,6,387927
1994,2885,3,35,94440
1995,1880,1,42,81655
1996,3120,3,1,93039
1997,3990,1,46,367399
1998,3430,1,36,122219
1999,3363,2,12,236061
2000,4092,3,38,323388
2001,4386,1,11,144594
2002,3747,2,12,370739
2003,4759,4,42,220623
2004,3613,2,39,244302
2005,3383,2,7,416042
2006,961,1,11,340515
2007,1393,5,36,209950
2008,4059,5,31,217229
2009,4955,5,33,55914
2010,3762,2,13,264772
2011,4688,1,18,339324
2012,4190,3,41,446904
2013,1463,2,24,392363
2014,1932,2,9,390760
2015,1341,1,31,277561
2016,3774,4,41,453132
2017,1667,2,10,237435
2018,2866,4,2,145213
2019,1231,4,38,470576
2020,2006,5,15,87805
2021,3328,1,3,456669
2022,1969,4,43,176599
2023,1630,1,31,203775
2024,2451,5,6,240093
2025,1936,1,3,124176
2026,3610,2,11,144799
2027,1275,4,15,148385
2028,3610,1,45,285654
2029,2126,3,28,138919
2030,1819,1,10,450626
2031,2636,4,38,131462
2032,3248,5,47,229340
2033,2083,5,7,215320
2034,1459,4,15,81159
2035,2810,2,18,92039
2036,1198,2,18,282974
2037,2533,5,41,97800
2038,2925,5,24,352905
2039,2971,4,2,144626
2040,874,2,40,168368
2041,4271,5,20,224735
2042,1636,2,34,130903
2043,1299,5,43,483628
2044,937,1,26,168998
2045,2897,3,7,291324
2046,4496,1,38,478583
2047,2685,5,30,449029
2048,3557,3,42,372038
2049,4720,3,5,283229
2050,2700,5,11,363588
2051,3410,5,1,477485
2052,4786,2,34,111748
2053,2249,5,1,91190
2054,1346,4,19,90318
2055,2803,5,2,218090
2056,2896,4,21,174078
2057,1503,5,20,89759
2058,3203,2,23,328642
2059,2425,4,21,75989
2060,4131,1,24,206640
2061,3778,4,4,429179
2062,3639,2,12,378721
2063,4184,4,22,417375
2064,3459,5,20,211171
2065,2661,5,18,402044
2066,3656,2,1,483855
2067,1485,3,30,416823
2068,2419,5,33,335626
2069,2231,1,24,381356
2070,1675,2,14,498477
2071,3261,4,36,342192
2072,2165,4,5,446281
2073,2043,1,11,445252
2074,962,5,24,85814
2075,2774,2,31,240766
2076,4091,1,13,460140
2077,1069,5,16,441637
2078,1431,2,24,110204
2079,1705,4,13,82844
2080,4271,2,24,298827
2081,4053,3,26,295256
2082,2814,2,2,394087
2083,2441,3,16,71518
2084,1004,2,38,460275
2085,1381,3,46,73052
2086,1640,4,1,306346
2087,2519,5,49,119803
2088,3443,3,11,121524
2089,3097,3,35,274582
2090,1674,4,43,401716
2091,1489,3,29,451896
2092,4800,1,37,117021
2093,3941,4,17,261321
2094,2222,1,39,332187
2095,1471,4,42,52419
2096,1971,3,28,237964
2097,4526,1,29,171831
2098,1743,3,43,294688
2099,2249,4,3,151799
2100,4537,3,10,460356
2101,3339,1,42,486700
2102,4759,1,14,244941
2103,3161,3,12,226282
2104,4452,2,47,369744
2105,4470,4,42,428611
2106,2553,4,30,390641
2107,3152,3,32,158611
2108,2738,2,32,187559
2109,1170,1,42,372836
2110,2731,5,32,112112
2111,1224,5,26,474326
2112,1694,3,1,289040
2113,1397,2,42,328504
2114,3862,2,2,492626
2115,3136,4,17,283451
2116,2487,1,30,271490
2117,1372,2,39,395182
2118,2890,5,7,315161
2119,4469,1,27,398405
2120,2433,1,9,241196
2121,2317,3,22,297418
2122,3457,2,34,271370
2123,4448,3,46,494165
2124,4388,2,49,239340
2125,2337,4,1,116320
2126,3937,3,9,285067
2127,897,3,20,262373
2128,4015,5,19,343271
2129,4550,3,36,446412
2130,3957,2,40,387232
2131,1143,5,45,484516
2132,1410,3,4,230786
2133,2527,3,9,344065
2134,3090,4,41,316890
2135,2654,3,22,380679
2136,3408,1,18,115350
2137,2879,5,12,231417
2138,3124,1,42,290678
2139,1977,5,43,492436
2140,1891,4,39,393275
2141,3591,3,9,72063
2142,2549,3,6,167116
2143,3475,3,19,401057
2144,1581,5,48,391090
2145,3848,3,47,227043
2146,2905,1,7,184670
2147,4667,3,16,60564
2148,2913,4,5,292124
2149,4770,1,16,277506
2150,2791,3,1,361869
2151,1867,3,37,136134
2152,2377,2,39,155940
2153,1811,5,19,112085
2154,3074,1,37,67862
2155,2614,2,17,322409
2156,3226,4,26,190777
2157,3351,5,22,236351
2158,4457,1,8,112471
2159,807,3,33,141080
2160,3355,1,2,367972
2161,1275,3,30,429028
2162,3011,5,47,158007
2163,1284,3,20,96104
2164,3085,4,18,90934
2165,4325,3,43,304606
2166,4139,4,10,426564
2167,3622,5,24,56050
2168,3724,5,4,225024
2169,1058,1,37,320628
2170,1082,4,4,374792
2171,2698,4,13,372089
2172,4935,2,25,234750
2173,3776,2,13,81323
2174,3067,2,18,136332
2175,4000,3,24,406749
2176,1412,2,2,305540
2177,1487,4,48,304547
2178,4490,3,33,478577
2179,1412,5,19,322459
2180,3107,1,9,360112
2181,3813,2,28,207591
2182,2581,5,35,321251
2183,3391,4,39,105781
2184,3496,1,10,316013
2185,4758,5,1,393127
2186,1374,1,42,470586
2187,2710,2,21,57971
2188,4404,4,9,408949
2189,1469,1,47,304927
2190,2083,5,15,337795
2191,1723,2,35,369118
2192,1925,2,5,73446
2193,2329,5,41,307419
2194,2394,5,22,219180
2195,1046,1,41,53823
2196,4511,3,23,194526
2197,2360,2,7,185004
2198,3200,1,23,453436
2199,3043,5,44,255162
2200,4664,1,25,117965
2201,2739,5,27,471424
2202,3869,4,41,322654
2203,1026,5,6,487261
2204,4347,5,34,191609
2205,1064,5,9,155935
2206,2195,3,49,381278
2207,4357,5,33,283705
2208,1445,2,6,384398
2209,3790,2,37,303978
2210,2699,1,31,194854
2211,3304,3,34,426924
2212,3572,1,41,437688
2213,1954,2,29,377731
2214,1387,2,14,394382
2215,2621,4,36,387864
2216,1785,5,36,128004
2217,4879,2,15,72072
2218,4148,1,8,131015
2219,4631,1,26,275075
2220,2041,5,36,270010
2221,989,5,48,122746
2222,1780,4,21,226774
2223,2498,3,28,414404
2224,2515,1,4,449273
2225,3393,5,16,178259
2226,4936,1,22,80916
2227,1898,5,12,77268
2228,3126,2,16,225050
2229,4047,1,40,293966
2230,1695,2,38,73259
2231,2474,1,42,496799
2232,3709,3,37,129400
2233,1730,4,29,346437
2234,1523,2,18,161581
2235,3740,5,10,57043
2236,1889,3,42,231502
2237,1735,1,39,157009
2238,3095,2,18,351037
2239,955,1,1,483858
2240,1870,1,39,259137
2241,2758,1,21,211940
2242,3301,4,1,338453
2243,4630,4,15,335428
2244,1654,5,4,438945
2245,1439,2,20,163259
2246,3038,3,10,150804
2247,2402,3,23,119000
2248,1241,3,41,134179
2249,2136,1,34,377193
2250,4500,4,46,341409
2251,1748,2,48,310226
2252,4173,1,33,73880
2253,1259,4,34,396723
2254,1192,4,39,443471
2255,4738,2,10,444718
2256,2587,2,20,251264
2257,3057,2,1,377568
2258,1938,1,13,383110
2259,4608,5,1,222438
2260,3254,2,5,470641
2261,2266,5,16,495544
2262,4474,1,15,295352
2263,2177,5,49,117396
2264,3397,3,28,383838
2265,941,5,31,449022
2266,3459,2,23,329250
2267,1639,1,48,106731
2268,4418,2,45,125010
2269,4717,3,43,299091
2270,1395,2,17,344743
2271,2704,2,49,121326
2272,1080,2,34,298876
2273,1223,4,13,387850
2274,2550,3,14,59004
2275,2767,2,11,165018
2276,4888,2,28,494580
2277,4978,2,42,75792
2278,3746,1,32,104645
2279,2249,4,35,57232
2280,3131,1,31,104766
2281,3020,4,17,170601
2282,4589,2,47,131588
2283,3610,3,9,229614
2284,2331,5,10,55913
2285,3790,5,8,162406
2286,1943,2,21,163693
2287,1733,1,13,143449
2288,2260,3,5,60567
2289,3523,4,6,88379
2290,3312,2,30,256040
2291,1085,3,31,312463
2292,1064,3,17,140005
2293,3167,4,11,423134
2294,4247,3,20,273098
2295,2562,1,48,54791
2296,3848,1,9,181401
2297,3181,1,2,255459
2298,3069,3,37,111032
2299,840,1,1,225150
2300,867,4,4,400806
2301,1787,3,36,71300
2302,4808,5,25,387844
2303,3998,3,3,494161
2304,3324,4,9,105609
2305,1885,5,22,241634
2306,3279,3,23,140045
2307,2493,1,12,374045
2308,3115,2,10,317847
2309,1578,2,34,273717
2310,2385,1,43,375259
2311,2292,2,10,269162
2312,1460,2,30,77676
2313,2148,1,22,433476
2314,2099,1,6,270412
2315,4740,3,2,226512
2316,2786,3,30,217995
2317,2844,1,2,341946
2318,4316,4,32,402475
2319,1858,2,42,174786
2320,1776,3,16,377313
2321,1527,2,12,118147
2322,3327,5,1,72075
2323,3936,1,8,394159
2324,1142,4,48,255788
2325,2247,5,13,59304
2326,3179,5,15,179851
2327,4459,5,44,432873
2328,1326,1,8,109622
2329,2696,3,10,366359
2330,2873,1,46,386117
2331,1205,3,5,158654
2332,2373,5,19,455737
2333,4540,5,47,299109
2334,2646,4,38,336172
2335,2278,3,11,89328
2336,3195,5,43,339445
2337,1571,2,20,350159
2338,1378,4,20,268348
2339,3701,1,21,86845
2340,993,4,18,398962
2341,2807,2,10,126394
2342,1985,3,34,225231
2343,3194,1,26,355858
2344,3798,1,30,130722
2345,2592,3,9,337374
2346,1910,4,46,142554
2347,4805,5,31,99262
2348,3061,4,42,91722
2349,4536,2,4,489575
2350,4593,5,6,374940
2351,2736,4,14,221231
2352,1529,3,4,290740
2353,4251,2,26,137052
2354,2940,2,47,150808
2355,2444,2,48,305416
2356,3600,5,39,312128
2357,941,1,17,271281
2358,2255,5,19,448455
2359,2896,4,49,296052
2360,2125,1,6,404095
2361,2013,4,29,363030
2362,1959,1,11,415568
2363,1140,5,16,470411
2364,4628,2,30,154697
2365,2768,3,25,281572
2366,1503,2,40,282842
2367,3229,5,11,146299
2368,2600,1,7,215746
2369,1655,2,26,199177
2370,2612,5,22,210811
2371,3666,4,25,213041
2372,4442,3,19,64497
2373,982,2,31,445032
2374,3912,1,26,304204
2375,2317,4,42,431059
2376,2156,5,41,307471
2377,2974,3,36,142019
2378,4429,1,23,240326
2379,4428,5,47,159017
2380,4896,5,13,381529
2381,4039,2,25,268220
2382,4491,2,2,155153
2383,818,1,2,83826
2384,4203,5,16,160034
2385,3804,2,9,134242
2386,1932,3,28,435210
2387,4139,3,13,100100
2388,4111,5,35,271171
2389,4172,2,41,437314
2390,1787,1,13,447575
2391,4121,1,31,408349
2392,973,1,21,62809
2393,4541,3,32,114450
2394,3852,2,34,350572
2395,1526,2,8,384934
2396,4560,3,41,161126
2397,2675,1,48,402465
2398,4833,1,2,314237
2399,1789,5,38,94498
2400,4544,4,32,166251
2401,3486,2,40,90985
2402,1219,2,28,344153
2403,1393,2,37,440659
2404,2574,4,41,67718
2405,3259,5,1,328849
2406,1735,4,41,399762
2407,4608,1,10,112598
2408,1131,1,4,390022
2409,4249,2,35,324383
2410,3502,3,10,358766
2411,4806,2,47,96665
2412,4668,3,11,344418
2413,1001,4,14,454635
2414,3297,1,38,420512
2415,2642,3,12,196075
2416,2666,4,45,211938
2417,2796,1,17,203060
2418,1709,3,16,499110
2419,3989,2,35,420707
2420,1570,2,2,271516
2421,3955,2,11,186746
2422,3301,4,41,251610
2423,3514,2,3,405247
2424,4385,5,29,116446
2425,2428,1,18,79072
2426,1186,4,20,83717
2427,4221,2,47,268417
2428,4808,1,14,207723
2429,4893,3,34,429346
2430,3266,2,49,487507
2431,3082,1,31,434533
2432,2656,5,40,159525
2433,2798,3,42,263092
2434,2036,5,18,54646
2435,4944,1,30,351857
2436,1950,5,25,380080
2437,2231,1,19,225403
2438,2619,1,8,334329
2439,3124,5,28,396407
2440,1930,1,8,279728
2441,3458,2,31,102107
2442,4300,1,3,294865
2443,1174,4,3,329707
2444,2920,1,44,120729
2445,4820,4,22,327845
2446,2821,1,17,250144
2447,4505,1,36,491433
2448,4059,5,17,487826
2449,4235,2,14,265494
2450,2689,2,9,302615
2451,2623,3,30,493347
2452,2274,5,21,178331
2453,3042,5,12,210482
2454,4043,2,37,149280
2455,3934,5,32,239787
2456,2870,2,11,88665
2457,1159,5,20,328101
2458,2841,1,35,491343
2459,1941,2,47,358152
2460,2435,2,46,374064
2461,4800,4,11,309285
2462,2743,5,8,213947
2463,4161,5,4,163828
2464,3780,2,27,435996
2465,806,1,44,182698
2466,4067,1,40,140815
2467,2391,1,38,244894
2468,4064,5,47,253485
2469,3406,4,30,214714
2470,4019,2,44,350455
2471,4073,3,48,82356
2472,1713,4,48,315953
2473,2811,3,27,486587
2474,2242,4,21,347019
2475,3854,1,20,291121
2476,4346,5,4,321609
2477,3728,3,11,247167
2478,2629,4,13,385988
2479,1375,5,9,246322
2480,1729,3,4,399033
2481,4559,2,12,65250
2482,4499,4,9,96023
2483,2263,2,13,151350
2484,4075,1,48,227696
2485,1854,2,26,66427
2486,2700,2,38,476492
2487,2257,4,42,383787
2488,2199,1,13,260084
2489,4215,2,39,184511
2490,1242,5,28,268403
2491,4450,3,19,128672
2492,1978,2,24,67300
2493,2057,1,19,372433
2494,4434,2,49,460398
2495,2641,3,13,494128
2496,3109,1,13,470125
2497,1710,4,28,69659
2498,4809,1,2,212475
2499,2969,4,10,295259
2500,2972,1,22,476802
2501,923,3,13,60360
2502,3958,3,9,333568
2503,1585,1,33,148035
2504,3216,2,14,98791
2505,1596,3,48,446281
2506,4972,4,20,249867
2507,4954,4,15,324444
2508,2736,5,32,83370
2509,2956,4,33,250903
2510,4607,5,17,77209
2511,2101,1,24,333071
2512,4963,1,30,84579
2513,3940,1,13,321176
2514,4036,2,47,143254
2515,3152,2,48,390557
2516,2732,5,16,483947
2517,3521,4,2,163528
2518,1164,4,17,273274
2519,3190,1,32,496983
2520,1746,3,43,436060
2521,2177,2,8,288292
2522,2239,2,3,384446
2523,3980,1,12,231026
2524,1140,2,20,298342
2525,3789,1,16,269437
2526,1182,5,14,397901
2527,2356,4,16,468318
2528,1099,3,49,477649
2529,938,4,43,328076
2530,1158,4,49,337858
2531,2322,5,33,107803
2532,4256,2,30,482959
2533,2427,3,12,183624
2534,2103,2,15,106627
2535,1934,4,18,227059
2536,2986,1,28,391954
2537,3970,4,23,95380
2538,4635,2,14,210322
2539,2951,4,30,249416
2540,2037,1,33,376830
2541,4535,5,45,432465
2542,3634,2,15,357172
2543,1798,4,7,196367
2544,3367,2,15,425285
2545,2107,5,42,367392
2546,1456,4,46,322667
2547,3460,4,38,357674
2548,3011,2,46,309125
2549,2709,2,44,63769
2550,4530,1,11,162035
2551,2846,5,29,225717
2552,3962,1,31,271815
2553,1940,4,25,281832
2554,1066,2,24,206629
2555,2645,4,19,284799
2556,2508,4,2,391926
2557,4430,3,22,390526
2558,4011,3,20,218157
2559,3093,4,33,493924
2560,4532,2,8,494573
2561,4629,4,25,423083
2562,2310,3,46,194542
2563,1275,2,9,390856
2564,1776,4,34,168643
2565,2007,5,23,419561
2566,2760,5,5,260154
2567,1357,4,25,187877
2568,1682,2,8,263396
2569,2994,4,16,440400
2570,3467,4,48,275956
2571,2410,3,45,231844
2572,4288,5,15,495320
2573,3254,3,1,151422
2574,2746,3,22,401444
2575,3608,4,3,318774
2576,4625,3,38,436618
2577,4336,5,14,411013
2578,4602,3,36,327845
2579,4977,5,18,195931
2580,2770,3,47,464399
2581,4622,5,41,483654
2582,3619,3,18,409429
2583,1702,3,3,167556
2584,1164,2,10,278495
2585,3919,5,49,304809
2586,3358,5,39,485460
2587,2663,5,47,255384
2588,915,1,1,65021
2589,3184,3,27,250935
2590,4735,5,27,498781
2591,3290,1,11,491259
2592,1742,2,49,254222
2593,2524,5,5,114361
2594,3134,5,7,444461
2595,3567,1,19,484227
2596,1937,3,29,322499
2597,3327,2,15,148841
2598,4917,5,35,491908
2599,4220,3,47,230076
2600,4706,2,37,296300
2601,4437,4,12,210786
2602,3753,4,30,67198
2603,3167,2,20,379095
2604,1076,1,37,444868
2605,2799,2,3,486841
2606,2027,2,9,308466
2607,4552,1,41,68740
2608,4535,1,39,315954
2609,1495,3,26,435887
2610,2109,3,2,459785
2611,4952,1,23,308308
2612,4034,4,23,149855
2613,4914,4,21,260192
2614,3111,2,16,338927
2615,3641,5,9,171701
2616,4359,2,13,390191
2617,4198,2,28,321615
2618,1341,5,27,160771
2619,3494,1,17,56163
2620,1888,4,38,374215
2621,4163,2,36,66065
2622,824,5,1,434467
2623,2372,3,18,291262
2624,3758,2,9,430113
2625,2567,4,13,395600
2626,3035,1,40,298924
2627,1000,2,45,229420
2628,3998,2,15,331298
2629,1056,5,43,417847
2630,4547,3,44,70229
2631,3041,3,46,364731
2632,3975,1,4,300470
2633,4406,4,33,361857
2634,4136,1,24,208069
2635,1213,2,36,71101
2636,2814,2,41,90391
2637,2181,3,10,256935
2638,1898,4,36,122723
2639,4226,5,20,276293
2640,4455,4,41,240477
2641,1709,2,45,216020
2642,987,5,44,412408
2643,4844,4,11,496247
2644,4556,4,12,350065
2645,2815,5,18,340604
2646,2892,2,30,464287
2647,4444,4,44,247190
2648,2930,5,48,229354
2649,1157,2,37,141725
2650,3222,5,20,370589
2651,2297,5,25,262139
2652,2958,4,12,394352
2653,3355,2,21,498032
2654,3142,4,25,418427
2655,3751,1,11,135779
2656,2038,1,9,53060
2657,1773,2,25,175806
2658,4765,5,35,325875
2659,1850,4,32,389974
2660,4501,4,49,165871
2661,3580,2,14,70719
2662,2388,2,1,490258
2663,4678,1,17,99116
2664,3168,3,25,76325
2665,1236,2,8,465813
2666,3628,3,5,64551
2667,2356,2,5,405431
2668,4658,5,41,336422
2669,2104,5,35,65141
2670,3184,1,19,380057
2671,982,1,23,345759
2672,2389,3,9,172058
2673,2387,2,30,243823
2674,1459,4,16,162684
2675,959,1,33,339596
2676,4753,4,2,465941
2677,1811,4,14,100391
2678,852,2,46,170288
2679,3107,3,1,256132
2680,2028,2,26,163535
2681,1835,1,25,192770
2682,4502,4,16,289947
2683,4845,2,15,136711
2684,2064,2,26,389994
2685,2684,2,47,421877
2686,2609,1,44,314509
2687,3967,3,16,278625
2688,4597,2,14,409806
2689,3141,1,29,93372
2690,4214,4,24,94134
2691,1617,5,47,349967
2692,3237,1,15,121158
2693,1688,5,19,408220
2694,1467,2,8,287159
2695,3424,2,34,183021
2696,1618,1,2,99396
2697,2988,5,27,420480
2698,1906,2,10,81912
2699,3024,4,35,106947
2700,997,3,23,94387
2701,3471,3,49,328652
2702,4292,2,8,357736
2703,3248,5,28,159249
2704,1270,2,23,51919
2705,2748,5,4,354739
2706,4699,4,14,190689
2707,2810,5,42,83298
2708,4600,2,29,287225
2709,4918,4,1,450145
2710,4596,1,4,283725
2711,4788,3,32,326600
2712,1034,2,33,159599
2713,1728,2,49,398820
2714,4407,2,26,133721
2715,1322,4,17,350068
2716,4323,1,39,336384
2717,2429,5,23,399525
2718,2116,1,32,321372
2719,3657,4,15,333830
2720,1924,2,13,61920
2721,3387,3,2,57432
2722,1823,2,19,160507
2723,2178,5,24,442653
2724,4174,3,45,383869
2725,2319,2,24,274647
2726,1026,3,11,214982
2727,1691,1,22,171764
2728,4872,4,15,211298
2729,3057,2,10,254222
2730,3588,5,41,371243
2731,1196,1,27,162557
2732,2878,2,9,398904
2733,4037,1,28,68013
2734,4693,5,1,71446
2735,2805,2,17,417353
2736,2816,5,31,251447
2737,3971,3,44,152261
2738,3468,5,10,407883
2739,2678,3,37,312701
2740,1996,2,29,473882
2741,2572,3,18,218461
2742,961,2,47,228772
2743,4776,2,38,180878
2744,2551,4,39,149143
2745,1575,2,49,74578
2746,1739,3,6,124779
2747,4020,4,40,190668
2748,1339,4,12,369644
2749,2261,2,14,122534
2750,1155,5,44,322273
2751,4404,5,10,247118
2752,4123,4,20,323740
2753,1034,2,15,115355
2754,2348,5,31,62974
2755,2896,2,7,247745
2756,2901,2,41,424148
2757,2473,4,10,301366
2758,2900,4,10,438938
2759,4457,1,48,382346
2760,4396,5,39,124442
2761,4548,5,28,202890
2762,3973,5,30,486462
2763,2615,3,37,105598
2764,4641,2,3,183726
2765,2805,4,43,83758
2766,1474,5,15,336348
2767,1186,1,21,177309
2768,2958,5,37,216000
2769,3461,2,12,234681
2770,2864,2,4,80552
2771,4651,4,47,453552
2772,4053,3,9,359181
2773,1539,4,39,197278
2774,2201,5,42,84831
2775,4059,1,28,93563
2776,3077,4,23,68361
2777,4704,3,45,353479
2778,4723,4,40,124469
2779,4027,2,44,75816
2780,3631,5,22,307422
2781,4558,5,24,196691
2782,3312,5,26,284295
2783,2951,5,30,142479
2784,4475,5,33,76819
2785,3545,5,16,454957
2786,4666,1,22,434474
2787,4564,3,49,58798
2788,3022,5,43,206215
2789,3592,3,18,361839
2790,2497,5,7,475963
2791,4262,4,26,293942
2792,4863,5,8,280259
2793,2324,2,6,179544
2794,832,1,30,202254
2795,4825,4,39,303800
2796,3366,4,23,59415
2797,3603,2,32,454301
2798,4696,5,22,458224
2799,4509,1,42,137638
2800,1519,4,43,68452
2801,1772,1,45,451336
2802,4518,4,9,245457
2803,3007,5,31,160205
2804,3830,4,7,68170
2805,4375,4,9,66259
2806,3916,3,13,334243
2807,4085,5,3,190721
2808,1443,2,35,179394
2809,994,2,33,371402
2810,4796,5,21,222109
2811,1288,2,31,323949
2812,3004,5,34,304599
2813,3457,2,32,93147
2814,4076,3,35,124280
2815,1902,2,15,227125
2816,2041,4,32,418921
2817,1315,5,6,147841
2818,1192,1,45,174726
2819,1430,1,21,440503
2820,4516,5,33,126215
2821,2647,3,32,162909
2822,3455,2,19,407509
2823,1779,3,33,323129
2824,4202,1,28,324535
2825,4671,5,31,54861
2826,1077,5,21,311968
2827,1032,3,34,233000
2828,2352,3,15,346508
2829,4070,2,14,394543
2830,3209,4,19,299072
2831,4312,4,43,274402
2832,825,2,15,92923
2833,1260,4,6,451135
2834,4564,1,9,236968
2835,4231,4,37,397962
2836,4283,2,20,490612
2837,2794,4,34,215912
2838,1290,5,38,223327
2839,1872,3,26,383304
2840,3973,1,18,178165
2841,1015,5,28,280314
2842,2523,5,9,451392
2843,2392,2,32,345673
2844,3406,3,6,499622
2845,958,3,14,194013
2846,4113,1,28,51669
2847,3641,2,24,266854
2848,2576,1,13,429517
2849,2852,4,43,357003
2850,3095,5,12,105786
2851,2496,1,19,232155
2852,3793,5,21,483292
2853,3269,2,27,70323
2854,2746,4,19,280502
2855,4609,2,24,307249
2856,3583,4,26,56021
2857,4444,4,45,351951
2858,3300,5,28,440449
2859,4445,2,46,362499
2860,3445,2,18,163415
2861,3149,1,44,487948
2862,2732,2,36,320855
2863,4094,1,42,57904
2864,2557,3,29,114033
2865,1916,3,17,281659
2866,3367,3,4,398622
2867,4299,2,44,170035
2868,1292,2,45,270859
2869,4106,1,29,236168
2870,1419,4,4,271666
2871,4032,1,10,281853
2872,4623,3,25,315237
2873,3180,1,31,337062
2874,2346,4,3,243708
2875,4363,2,47,239878
2876,2405,1,2,190466
2877,4552,3,25,174501
2878,2690,3,49,310228
2879,2075,2,6,142510
2880,3543,1,26,143708
2881,3293,4,8,147819
2882,1156,2,35,285603
2883,1669,1,27,456496
2884,1685,5,25,86303
2885,2801,3,18,77453
2886,2083,4,1,421030
2887,1419,4,48,372839
2888,1682,4,39,249521
2889,1596,3,3,206837
2890,4442,1,4,445556
2891,4225,2,41,272787
2892,2096,1,37,88057
2893,1044,2,15,443813
2894,3695,4,8,239060
2895,1729,1,38,144655
2896,1319,4,19,327169
2897,4012,5,47,319289
2898,3209,4,26,151206
2899,807,4,39,236869
2900,3325,2,10,353867
2901,4223,5,38,123230
2902,2819,4,14,448046
2903,4467,4,49,205002
2904,4471,5,41,466968
2905,3601,5,19,158138
2906,885,1,30,257097
2907,3915,2,5,262376
2908,3268,5,31,112040
2909,4419,5,7,158668
2910,2436,3,19,248768
2911,4383,5,31,367174
2912,4809,2,39,106815
2913,4126,4,24,266741
2914,3018,4,34,162789
2915,3017,4,23,478906
2916,3169,4,48,269478
2917,4438,3,45,370067
2918,3303,5,40,217644
2919,1743,4,6,235102
2920,3637,1,38,380048
2921,3460,4,41,294533
2922,3736,5,36,287469
2923,4747,4,27,283308
2924,2476,3,11,210275
2925,1996,2,5,127088
2926,4905,2,17,55608
2927,3587,5,7,95667
2928,2261,2,27,105547
2929,4118,2,47,465701
2930,1466,1,15,453078
2931,2976,5,46,440535
2932,4543,5,13,284907
2933,1400,2,11,388092
2934,3452,2,45,384024
2935,4624,2,26,107560
2936,4706,3,22,427207
2937,1779,4,28,264601
2938,3251,3,24,406362
2939,1428,5,29,426606
2940,2429,1,9,209487
2941,4496,4,42,462539
2942,4230,1,4,234286
2943,4474,5,49,330141
2944,4729,5,46,171266
2945,3565,1,18,53679
2946,915,1,43,90308
2947,2803,1,16,256096
2948,1492,5,33,220914
2949,3962,2,29,497154
2950,1905,1,39,55695
2951,3808,4,10,276812
2952,2961,5,9,108499
2953,953,3,31,73382
2954,4499,3,28,326379
2955,4586,4,3,243295
2956,1864,2,14,183438
2957,2713,1,25,208539
2958,2016,5,15,424612
2959,3201,1,2,56764
2960,2572,5,24,271968
2961,2760,3,14,163831
2962,3580,1,48,111836
2963,3671,4,7,344067
2964,1460,2,36,305033
2965,3435,4,24,407855
2966,3129,2,27,66292
2967,4754,1,37,437057
2968,3250,1,38,444830
2969,1932,2,30,333083
2970,1499,3,27,293772
2971,2838,5,39,68800
2972,2979,4,15,106440
2973,3638,4,26,466462
2974,1673,4,1,177521
2975,883,1,4,496021
2976,2222,4,29,171327
2977,3475,5,1,99648
2978,3980,5,43,427336
2979,4775,2,46,474904
2980,2191,1,22,405642
2981,4018,5,11,341908
2982,1414,3,10,344614
2983,3771,1,17,306160
2984,4365,1,36,219573
2985,4376,5,47,107207
2986,1070,3,26,112157
2987,4866,2,48,184288
2988,3268,5,21,203144
2989,2190,3,13,143778
2990,4154,1,9,180016
2991,4935,3,11,174288
2992,4407,1,11,218204
2993,3383,5,6,160573
2994,4873,5,1,170730
2995,3875,4,6,461077
2996,4706,4,13,114186
2997,1089,4,22,317104
2998,3280,5,31,68781
2999,4052,2,22,287677
3000,1078,5,37,307506
